1,Omega Fish Stick 1,Lambda Fish Stick 1,e0f7ad2d-bea7-41b2-9d76-b31dfc76c2e7
2,Omega Fish Stick 2,Lambda Fish Stick 2,c31ad0e7-877b-4d7e-887c-5e09ca60f196
3,Omega Fish Stick 3,Lambda Fish Stick 3,d849b8e0-b01c-4d5e-9cf6-853545bd4bf7
4,Omega Fish Stick 4,Lambda Fish Stick 4,f4508ffe-898f-4409-828c-376a4e474587
5,Omega Fish Stick 5,Lambda Fish Stick 5,692baa1c-dbef-4e12-97c2-a9f53e1cc62e
6,Omega Fish Stick 6,Lambda Fish Stick 6,6f9c217a-c977-4e90-ab25-bcfa085bde94
7,Omega Fish Stick 7,Lambda Fish Stick 7,f92eaac3-4f18-43e4-ad36-dbae2a2a393f
8,Omega Fish Stick 8,Lambda Fish Stick 8,e7c086f6-6374-49d5-91da-16621026f354
9,Omega Fish Stick 9,Lambda Fish Stick 9,c9d80536-a600-4446-8b12-a509b529ce38
10,Omega Fish Stick 10,Lambda Fish Stick 10,ea543ea0-5016-4ad6-bbdb-df78f2a51fda
11,Omega Fish Stick 11,Lambda Fish Stick 11,ab43f203-2735-4968-bbed-3be4456b9cb1
12,Omega Fish Stick 12,Lambda Fish Stick 12,518e2a72-fd13-4121-b791-86ab5c8cbcd0
13,Omega Fish Stick 13,Lambda Fish Stick 13,3808f1bc-b2c3-4245-bba9-d97cfa6263e9
14,Omega Fish Stick 14,Lambda Fish Stick 14,58a35666-0ccc-4ba6-89fb-78348a162bde
15,Omega Fish Stick 15,Lambda Fish Stick 15,8018fc1c-7720-44a5-b6b8-2e3b968dff7b
16,Omega Fish Stick 16,Lambda Fish Stick 16,fcdba0e5-59b9-40ae-a747-6dc45324d01a
17,Omega Fish Stick 17,Lambda Fish Stick 17,480b9f69-eab0-4580-867d-bb32d902b2c9
18,Omega Fish Stick 18,Lambda Fish Stick 18,b03a8079-c4df-4106-b54b-c987f6ff65f2
19,Omega Fish Stick 19,Lambda Fish Stick 19,71f61ef8-33e0-404d-8a1e-968e6b17d6b3
20,Omega Fish Stick 20,Lambda Fish Stick 20,8a6df65a-9511-460e-9fff-d48a62d13ced
21,Omega Fish Stick 21,Lambda Fish Stick 21,85464c74-ef42-4687-a9d0-11d6a35ce506
22,Omega Fish Stick 22,Lambda Fish Stick 22,40992545-bed7-40b5-be34-a0ead31428bf
23,Omega Fish Stick 23,Lambda Fish Stick 23,41d81ca5-3892-498a-ad97-4d9ccdb529e6
24,Omega Fish Stick 24,Lambda Fish Stick 24,9882578b-f016-4763-b2cd-d276eba6f076
25,Omega Fish Stick 25,Lambda Fish Stick 25,7ea1235a-10d5-402c-a54a-6e311eb802c7
26,Omega Fish Stick 26,Lambda Fish Stick 26,de359434-b880-4666-aba6-f6d170d4c3c8
27,Omega Fish Stick 27,Lambda Fish Stick 27,5749b60e-cec9-4764-8dd5-6555657aded6
28,Omega Fish Stick 28,Lambda Fish Stick 28,2acfbe2c-cf18-445d-929f-00d48c8f33e4
29,Omega Fish Stick 29,Lambda Fish Stick 29,e5c2f18d-5fd4-4aa2-a5ba-b28599298e62
30,Omega Fish Stick 30,Lambda Fish Stick 30,025b9832-d9d1-4d5a-8c6c-6691dcbffdb1
31,Omega Fish Stick 31,Lambda Fish Stick 31,958984bb-f646-485f-a765-ac2be0f3a87d
32,Omega Fish Stick 32,Lambda Fish Stick 32,7623065a-c404-447d-9bc2-a78f357872cb
33,Omega Fish Stick 33,Lambda Fish Stick 33,54bb28eb-2e62-4dcf-a9c6-36e59a3c5970
34,Omega Fish Stick 34,Lambda Fish Stick 34,38a6e6c3-6f09-4027-ac11-4ce2e35a6c2e
35,Omega Fish Stick 35,Lambda Fish Stick 35,7a9ed6c2-32ba-4148-862b-258718c7ef5c
36,Omega Fish Stick 36,Lambda Fish Stick 36,709ed4b8-8c02-4dd5-ab20-c87842b33e1c
37,Omega Fish Stick 37,Lambda Fish Stick 37,3b5d7475-92c6-4301-8d7c-7a538884661f
38,Omega Fish Stick 38,Lambda Fish Stick 38,5e3ce8c5-ba5d-425f-b087-a14e092f8ab1
39,Omega Fish Stick 39,Lambda Fish Stick 39,b0058272-2654-4d6f-973d-2ff65754f14f
40,Omega Fish Stick 40,Lambda Fish Stick 40,9e9757f2-8e43-44aa-bed1-d87dcc11dc3b
41,Omega Fish Stick 41,Lambda Fish Stick 41,800af453-e449-41e5-a5be-888434ebf6f3
42,Omega Fish Stick 42,Lambda Fish Stick 42,2950fee1-1bd7-4664-ac3b-d627627cb06b
43,Omega Fish Stick 43,Lambda Fish Stick 43,909857fb-68b3-41d6-9e2d-c2cc1dc28f4c
44,Omega Fish Stick 44,Lambda Fish Stick 44,50ee74bb-17aa-4b96-a5f0-b2bb4c402363
45,Omega Fish Stick 45,Lambda Fish Stick 45,2954a93b-c891-482d-a627-e12626124762
46,Omega Fish Stick 46,Lambda Fish Stick 46,c06e762c-da6f-4c00-a594-a44b1b87ad6a
47,Omega Fish Stick 47,Lambda Fish Stick 47,0d8b45c3-cf7e-4418-a9b6-d9ed328131c9
48,Omega Fish Stick 48,Lambda Fish Stick 48,1a075087-375c-4c71-8952-7da35bf8e680
49,Omega Fish Stick 49,Lambda Fish Stick 49,9b055c94-8c17-4cc7-9389-4945c977c642
50,Omega Fish Stick 50,Lambda Fish Stick 50,3d65c0e8-7f65-42c8-8e31-eb02c44e4f2c
51,Omega Fish Stick 51,Lambda Fish Stick 51,e44daa0b-701e-410f-8017-d12a677ca47f
52,Omega Fish Stick 52,Lambda Fish Stick 52,67a1a330-c664-4e96-b41f-93df62dd1d12
53,Omega Fish Stick 53,Lambda Fish Stick 53,fe90a5e1-0ab2-4436-ba9b-e17a29a59fe8
54,Omega Fish Stick 54,Lambda Fish Stick 54,df50dcea-ed0d-4e9a-a8da-202c23fb8ad8
55,Omega Fish Stick 55,Lambda Fish Stick 55,bd313558-0aa3-47fb-8e83-9e410ec7219e
56,Omega Fish Stick 56,Lambda Fish Stick 56,cdcd2a20-35fb-4758-a6e3-85e6b35899bd
57,Omega Fish Stick 57,Lambda Fish Stick 57,da169f97-a345-4778-ae16-a467a421363a
58,Omega Fish Stick 58,Lambda Fish Stick 58,557c6ffd-8966-4b92-b169-8bffc91e176f
59,Omega Fish Stick 59,Lambda Fish Stick 59,136da221-0aca-492c-aaba-e07f6240d436
60,Omega Fish Stick 60,Lambda Fish Stick 60,9dea0af1-0c4a-4234-be10-d678261697da
61,Omega Fish Stick 61,Lambda Fish Stick 61,7b67e645-62f8-47bf-b812-2d1c30614ace
62,Omega Fish Stick 62,Lambda Fish Stick 62,6d3100cd-fd0c-4d27-96bc-e7e99cc14588
63,Omega Fish Stick 63,Lambda Fish Stick 63,22c9e185-3f3a-4539-905d-0a41be88ea1a
64,Omega Fish Stick 64,Lambda Fish Stick 64,9d5d2c38-33e1-4186-8a15-9c155121f23c
65,Omega Fish Stick 65,Lambda Fish Stick 65,affe5086-1f99-4158-b139-6809bf808ee4
66,Omega Fish Stick 66,Lambda Fish Stick 66,76d695ba-fdb0-48e8-a8c6-d74dc4b438dc
67,Omega Fish Stick 67,Lambda Fish Stick 67,4baa0190-19e3-401e-b368-fe5cf500423c
68,Omega Fish Stick 68,Lambda Fish Stick 68,ed641ac2-9f96-4fef-a542-6719fa62ea96
69,Omega Fish Stick 69,Lambda Fish Stick 69,6152742f-6d99-44c0-a671-fcee2be3dbf8
70,Omega Fish Stick 70,Lambda Fish Stick 70,5b1495c3-c856-4019-ac42-e0f4cdc01ae6
71,Omega Fish Stick 71,Lambda Fish Stick 71,f8ceae30-fabe-47bf-8398-aeb6d8f6fefc
72,Omega Fish Stick 72,Lambda Fish Stick 72,9f0e7c92-0e75-4b85-8356-d290639c0112
73,Omega Fish Stick 73,Lambda Fish Stick 73,48557595-74f1-4235-bac9-56604a0def4e
74,Omega Fish Stick 74,Lambda Fish Stick 74,ff4d3265-91b8-473a-a14f-c6285a0fbb2c
75,Omega Fish Stick 75,Lambda Fish Stick 75,d269031e-1498-42ca-99fe-2209a897b1cd
76,Omega Fish Stick 76,Lambda Fish Stick 76,28db98fb-7105-43cb-9fee-5b09809ba858
77,Omega Fish Stick 77,Lambda Fish Stick 77,5a0b55ef-38a5-4832-808e-053f34305fc0
78,Omega Fish Stick 78,Lambda Fish Stick 78,4bf330c4-92d2-4aac-8e51-7b5b490f0d28
79,Omega Fish Stick 79,Lambda Fish Stick 79,32fd0970-512b-47ad-b0f0-4691fb75a959
80,Omega Fish Stick 80,Lambda Fish Stick 80,a32a9a57-52c6-47c8-98af-af47b2e23f47
81,Omega Fish Stick 81,Lambda Fish Stick 81,0aec25c9-4fb4-4d2b-96b1-fe790ec3c798
82,Omega Fish Stick 82,Lambda Fish Stick 82,9a3bedc5-0fa2-47f6-8475-44828d161bd0
83,Omega Fish Stick 83,Lambda Fish Stick 83,463796f4-f5af-482a-9eec-e686df0d920e
84,Omega Fish Stick 84,Lambda Fish Stick 84,1eda34a7-7fd7-496a-b31b-a659e100990e
85,Omega Fish Stick 85,Lambda Fish Stick 85,9de557fd-2827-449e-ab48-b3e24b56e7d6
86,Omega Fish Stick 86,Lambda Fish Stick 86,31a3d0d1-b79f-4672-a2fb-8b3b7868fa1c
87,Omega Fish Stick 87,Lambda Fish Stick 87,0f52a0ec-eeaa-4756-abbf-3ea8ff30edbf
88,Omega Fish Stick 88,Lambda Fish Stick 88,1b055df3-cc68-402b-8f92-62a3bd6deacf
89,Omega Fish Stick 89,Lambda Fish Stick 89,568fffd7-1138-4713-8a1c-7ed1405a9852
90,Omega Fish Stick 90,Lambda Fish Stick 90,fd315d6f-4408-4205-8e69-6d1b9aaa4607
91,Omega Fish Stick 91,Lambda Fish Stick 91,e322f913-c99a-4040-934b-ccabd976762c
92,Omega Fish Stick 92,Lambda Fish Stick 92,21990bce-b761-4d4f-9a0e-9958708f64da
93,Omega Fish Stick 93,Lambda Fish Stick 93,1a811b16-fad1-4fcd-8c4d-260a13fed3f4
94,Omega Fish Stick 94,Lambda Fish Stick 94,0c29f61f-43f6-4a08-b4ba-5099a2086c44
95,Omega Fish Stick 95,Lambda Fish Stick 95,2a81dd0f-4e05-4cb4-a296-ef1d901d7f56
96,Omega Fish Stick 96,Lambda Fish Stick 96,ad97e710-6d60-4ef6-a963-95b6d1c1f69a
97,Omega Fish Stick 97,Lambda Fish Stick 97,382c4ee9-a36d-4729-8c51-7f7eb4e4d670
98,Omega Fish Stick 98,Lambda Fish Stick 98,2c9e866e-e323-42cc-afa7-b1ab094080c2
99,Omega Fish Stick 99,Lambda Fish Stick 99,d669d101-62db-4cc8-93e5-43c3e0f63eec
100,Omega Fish Stick 100,Lambda Fish Stick 100,800503ce-1bbf-443a-ad22-46fe695ec8b2
101,Omega Fish Stick 101,Lambda Fish Stick 101,158269bd-2ae3-4674-88c5-1db93a95d993
102,Omega Fish Stick 102,Lambda Fish Stick 102,fa51f6e3-c9f2-465e-b1bc-fe6dce5cc77f
103,Omega Fish Stick 103,Lambda Fish Stick 103,db7a3933-adc0-4b05-bed5-dc84092c0bf7
104,Omega Fish Stick 104,Lambda Fish Stick 104,ffe61a49-db3d-41f6-91a2-5eff8fc0bc0f
105,Omega Fish Stick 105,Lambda Fish Stick 105,eabdbf83-0e85-4849-9341-188e0ebe261a
106,Omega Fish Stick 106,Lambda Fish Stick 106,5a38f2a6-de22-4151-80c8-9c635117c672
107,Omega Fish Stick 107,Lambda Fish Stick 107,ece400aa-044c-4b40-9bff-1564b4f44803
108,Omega Fish Stick 108,Lambda Fish Stick 108,4d7460b1-94b8-4d0c-8b45-f96f605fdb0e
109,Omega Fish Stick 109,Lambda Fish Stick 109,91cb0841-2ac5-41eb-b9b1-769e34d9874e
110,Omega Fish Stick 110,Lambda Fish Stick 110,af98fc2e-bfbf-4775-9aa4-598bba702784
111,Omega Fish Stick 111,Lambda Fish Stick 111,a6e19bcb-0405-4328-8d36-b3c389c44775
112,Omega Fish Stick 112,Lambda Fish Stick 112,ff3cf96f-8f3c-4a1c-b1e0-2202ac082f65
113,Omega Fish Stick 113,Lambda Fish Stick 113,2f7b774b-6476-4159-8c66-3d0d20c82491
114,Omega Fish Stick 114,Lambda Fish Stick 114,6f6e9e68-fec0-4164-bf53-118f0539f8ea
115,Omega Fish Stick 115,Lambda Fish Stick 115,aabece3f-70ec-4e24-84b1-7f0a49f92e76
116,Omega Fish Stick 116,Lambda Fish Stick 116,bad295cc-3c14-4e63-811b-407ea7222ade
117,Omega Fish Stick 117,Lambda Fish Stick 117,82c41308-6f68-40a0-b975-21234c9611b7
118,Omega Fish Stick 118,Lambda Fish Stick 118,722ed606-5b91-42b1-9eaf-f71fdf7c51d4
119,Omega Fish Stick 119,Lambda Fish Stick 119,a5239e18-4edb-4ed8-ae4f-cb0bdad7e8be
120,Omega Fish Stick 120,Lambda Fish Stick 120,c494ddcc-1c4f-4909-9a03-05846dc88111
121,Omega Fish Stick 121,Lambda Fish Stick 121,563abb11-337d-45a3-8038-58e7ed533e35
122,Omega Fish Stick 122,Lambda Fish Stick 122,cb77b3ba-47ce-4b1b-be92-026238abb0b6
123,Omega Fish Stick 123,Lambda Fish Stick 123,5c94ac24-61b0-4aa3-b5ad-5fc142d392c8
124,Omega Fish Stick 124,Lambda Fish Stick 124,9a4565e6-f9c7-4725-abc1-2bb7b7e2c574
125,Omega Fish Stick 125,Lambda Fish Stick 125,1d809b42-7ad6-4425-aeda-0dbb076ac3c5
126,Omega Fish Stick 126,Lambda Fish Stick 126,bf80279e-f128-4c80-aa1e-6f46ca3c1cd8
127,Omega Fish Stick 127,Lambda Fish Stick 127,509ad8f1-6d6b-411b-9cf5-c3bd5ee58048
128,Omega Fish Stick 128,Lambda Fish Stick 128,f5ea2547-12a5-43f6-9054-f90524282dba
129,Omega Fish Stick 129,Lambda Fish Stick 129,3d57ada9-f70b-4b9e-bcf5-05fbf4e9b2da
130,Omega Fish Stick 130,Lambda Fish Stick 130,232dedf8-6470-4989-836c-bb2d54365cad
131,Omega Fish Stick 131,Lambda Fish Stick 131,a5931d89-b5c2-475c-8822-3ad7bad61835
132,Omega Fish Stick 132,Lambda Fish Stick 132,45bd1b3b-b847-4ca7-a99e-84bc49c9d67e
133,Omega Fish Stick 133,Lambda Fish Stick 133,c722fb9a-eb2e-4d5c-b436-bbb7b987e5eb
134,Omega Fish Stick 134,Lambda Fish Stick 134,26553fbc-a2da-4820-85fd-c5be7cb0ee5f
135,Omega Fish Stick 135,Lambda Fish Stick 135,b14a38da-07ca-49d9-b10a-16f9b7f90297
136,Omega Fish Stick 136,Lambda Fish Stick 136,80f19233-79fc-4b9d-84a2-79fe7c791746
137,Omega Fish Stick 137,Lambda Fish Stick 137,fd9978c5-3ca3-438b-a02f-48ee5fc3ad3a
138,Omega Fish Stick 138,Lambda Fish Stick 138,5b338280-d1a4-494b-93b0-a24d5641d605
139,Omega Fish Stick 139,Lambda Fish Stick 139,6f0f586e-da8b-4505-83b9-463313b92b5c
140,Omega Fish Stick 140,Lambda Fish Stick 140,5e4edceb-762a-4b21-9cfd-a00131de0624
141,Omega Fish Stick 141,Lambda Fish Stick 141,c7608c66-ec23-4c76-8e4c-c29d73f64f7c
142,Omega Fish Stick 142,Lambda Fish Stick 142,4f890f17-cb9c-4856-b2d6-ce664f36f0ae
143,Omega Fish Stick 143,Lambda Fish Stick 143,c3461de3-c03a-43af-b826-5c2dc775917e
144,Omega Fish Stick 144,Lambda Fish Stick 144,9ddbde78-babf-4986-b139-85d1b9643cbd
145,Omega Fish Stick 145,Lambda Fish Stick 145,020bb415-40a3-41e7-b07e-32bea687e844
146,Omega Fish Stick 146,Lambda Fish Stick 146,646e9c92-5606-49bc-9b84-153c027a9a8f
147,Omega Fish Stick 147,Lambda Fish Stick 147,724d4585-9589-4cb4-86d6-53f1726568f0
148,Omega Fish Stick 148,Lambda Fish Stick 148,1786d166-440f-41aa-9bb5-8958b59c05b5
149,Omega Fish Stick 149,Lambda Fish Stick 149,36998ade-eaa4-4ee7-b9ce-ccebf6a84075
150,Omega Fish Stick 150,Lambda Fish Stick 150,275fcaca-03cc-4d46-b031-27debdc496cf
151,Omega Fish Stick 151,Lambda Fish Stick 151,af8bc24b-65fb-4703-a8ba-cc2d64ff44b7
152,Omega Fish Stick 152,Lambda Fish Stick 152,7cc643ef-a951-4110-8a3c-e6509c75d04a
153,Omega Fish Stick 153,Lambda Fish Stick 153,51bd61f6-3412-44ca-9d6b-85c9b8d413ca
154,Omega Fish Stick 154,Lambda Fish Stick 154,d843ec30-37fd-4b58-be6b-34a0dfce3d13
155,Omega Fish Stick 155,Lambda Fish Stick 155,6848a4d5-8898-4309-a59c-cd69170ca66d
156,Omega Fish Stick 156,Lambda Fish Stick 156,dae138a8-3853-4a60-8383-75801490d601
157,Omega Fish Stick 157,Lambda Fish Stick 157,c6f9744c-849b-40a8-aca9-313900320e3f
158,Omega Fish Stick 158,Lambda Fish Stick 158,6e95389d-6350-483a-b406-5a3e68f39d82
159,Omega Fish Stick 159,Lambda Fish Stick 159,c5fc2e4d-3d82-47c8-be0b-32ab68af1daa
160,Omega Fish Stick 160,Lambda Fish Stick 160,318c4713-350e-4baa-917e-f50d7274f0e7
161,Omega Fish Stick 161,Lambda Fish Stick 161,d47dee85-bbaf-456d-9bd0-fe952518e103
162,Omega Fish Stick 162,Lambda Fish Stick 162,25af19f2-a02d-42ea-aff0-52395c542fb6
163,Omega Fish Stick 163,Lambda Fish Stick 163,3c6f5ae1-e3de-47db-ab0d-7ad9255da6ec
164,Omega Fish Stick 164,Lambda Fish Stick 164,8b4e6048-3cb9-4c0c-a8e6-a2d7103d7564
165,Omega Fish Stick 165,Lambda Fish Stick 165,c03a5ba7-8d2c-4879-9228-30e981930f10
166,Omega Fish Stick 166,Lambda Fish Stick 166,a7c24dd9-ba0c-46cb-8290-5b192a5153fe
167,Omega Fish Stick 167,Lambda Fish Stick 167,dbaeed23-f376-4079-b09b-8184d211b15f
168,Omega Fish Stick 168,Lambda Fish Stick 168,03389a41-6529-4ddd-b09e-c4683e967482
169,Omega Fish Stick 169,Lambda Fish Stick 169,61a1d0cd-0ab6-4e20-ad5b-b15404745675
170,Omega Fish Stick 170,Lambda Fish Stick 170,7a108398-a689-4943-8eac-6718bbd1747f
171,Omega Fish Stick 171,Lambda Fish Stick 171,d028af1d-a20b-47f7-8c9a-a99072a44dcd
172,Omega Fish Stick 172,Lambda Fish Stick 172,c1774783-0f0a-4485-9cf7-c80f4d940cb2
173,Omega Fish Stick 173,Lambda Fish Stick 173,08b9e558-a78e-421a-bb03-436620973e71
174,Omega Fish Stick 174,Lambda Fish Stick 174,2ea7d352-d33c-4949-8f6b-51587d77cc6a
175,Omega Fish Stick 175,Lambda Fish Stick 175,c0352d70-6e7c-485d-84ef-b9e59faacdc8
176,Omega Fish Stick 176,Lambda Fish Stick 176,0d48ee0d-f845-4efa-96f8-fc2746c9e3a3
177,Omega Fish Stick 177,Lambda Fish Stick 177,1487b207-20a7-42fc-bf65-b5a10738c4c4
178,Omega Fish Stick 178,Lambda Fish Stick 178,d4daf2e4-07c4-42bb-8a55-9d5e9ada820b
179,Omega Fish Stick 179,Lambda Fish Stick 179,e2d6eb9c-dfa0-431d-931b-0af1e9fcd33c
180,Omega Fish Stick 180,Lambda Fish Stick 180,341d5eb2-c603-4fb7-a7ec-b43d5e3a5d98
181,Omega Fish Stick 181,Lambda Fish Stick 181,a9dc3e33-9cc6-4545-8cca-cc4f9e1e5117
182,Omega Fish Stick 182,Lambda Fish Stick 182,123bc253-19c6-46d0-a751-9d9722a0d313
183,Omega Fish Stick 183,Lambda Fish Stick 183,aeab8bb6-6797-4cfa-87b6-56cb2e181b9e
184,Omega Fish Stick 184,Lambda Fish Stick 184,1ca838de-5064-4c5c-b18b-05babc54bdd6
185,Omega Fish Stick 185,Lambda Fish Stick 185,7200a0f7-fed5-4e82-a2ea-b16609c7b4d8
186,Omega Fish Stick 186,Lambda Fish Stick 186,db293dc5-740d-4dc2-a4b3-d8e347f17b79
187,Omega Fish Stick 187,Lambda Fish Stick 187,6437500c-4cf3-4461-ac2e-c009b9a15178
188,Omega Fish Stick 188,Lambda Fish Stick 188,05a80869-b313-4d75-b098-9a54b16c5114
189,Omega Fish Stick 189,Lambda Fish Stick 189,1759941a-7836-41ef-8bd7-25ddf6ae84b8
190,Omega Fish Stick 190,Lambda Fish Stick 190,c0fbe6b8-a661-4667-847e-f5ce3b30748a
191,Omega Fish Stick 191,Lambda Fish Stick 191,a76a64c6-cee1-4a71-a751-71751e1d1186
192,Omega Fish Stick 192,Lambda Fish Stick 192,556c503f-9c09-49ea-b384-c914fd78ae4c
193,Omega Fish Stick 193,Lambda Fish Stick 193,14c7ef7e-e9b0-41c7-9066-774ca7734e54
194,Omega Fish Stick 194,Lambda Fish Stick 194,41bee442-17b1-47ce-9e60-fd9a0db0bff4
195,Omega Fish Stick 195,Lambda Fish Stick 195,ea1d8627-bdac-4edc-a446-5fafc88f2d2f
196,Omega Fish Stick 196,Lambda Fish Stick 196,8de88ec3-d244-40e5-9029-5ccf0dbbc974
197,Omega Fish Stick 197,Lambda Fish Stick 197,61344cd9-1db2-44c5-941c-2ee00cdf8eb4
198,Omega Fish Stick 198,Lambda Fish Stick 198,a2c47d38-a87a-4d50-8f5f-577cf3102e50
199,Omega Fish Stick 199,Lambda Fish Stick 199,96b589ec-c891-4aaf-b4a0-1fba97ecf055
200,Omega Fish Stick 200,Lambda Fish Stick 200,773aee11-ee00-4e63-9083-5bef5f06b542
201,Omega Fish Stick 201,Lambda Fish Stick 201,88589b39-a4e2-4a3a-b94c-078474a5831e
202,Omega Fish Stick 202,Lambda Fish Stick 202,10efcd80-8708-4594-b8aa-a4129f464093
203,Omega Fish Stick 203,Lambda Fish Stick 203,3075f4a0-ffe4-477f-ac3e-a071ccab0011
204,Omega Fish Stick 204,Lambda Fish Stick 204,f7a7b4f3-15ca-461b-bba7-99e4d8f1ef8b
205,Omega Fish Stick 205,Lambda Fish Stick 205,56a59645-e06f-4bb7-a29a-ca81fceeb6cf
206,Omega Fish Stick 206,Lambda Fish Stick 206,0166e872-f1b5-40dd-8a00-d6b05f8b370e
207,Omega Fish Stick 207,Lambda Fish Stick 207,b51d8f40-c127-4e1a-aeab-ece6585ea333
208,Omega Fish Stick 208,Lambda Fish Stick 208,de3c70a7-1aa0-43f4-9936-e6d0d3b83ae6
209,Omega Fish Stick 209,Lambda Fish Stick 209,1e88c14e-ad90-41ff-b9eb-7479dd96e279
210,Omega Fish Stick 210,Lambda Fish Stick 210,afeb391e-7299-4c4a-aca8-6c5f4cc5c436
211,Omega Fish Stick 211,Lambda Fish Stick 211,d24d4055-5e17-4ab5-a7b7-9c41ac3afe7b
212,Omega Fish Stick 212,Lambda Fish Stick 212,e065e452-1226-4622-9a3a-713882e9990f
213,Omega Fish Stick 213,Lambda Fish Stick 213,351a2399-ec83-43fc-8874-6c1bc5c42555
214,Omega Fish Stick 214,Lambda Fish Stick 214,65714a60-50ca-4376-8849-93e758768fd2
215,Omega Fish Stick 215,Lambda Fish Stick 215,f888bff8-20e3-49b1-ae73-9ce890f4b49e
216,Omega Fish Stick 216,Lambda Fish Stick 216,8de4e174-b59a-4fb5-9ee4-1bae217452f8
217,Omega Fish Stick 217,Lambda Fish Stick 217,51e1c47e-97fe-4e3d-9fc6-20291887d966
218,Omega Fish Stick 218,Lambda Fish Stick 218,81e8ac6b-2d1a-44ee-8bc6-52e8eead99fe
219,Omega Fish Stick 219,Lambda Fish Stick 219,44478a19-b185-4ea1-87ef-1b5507309d05
220,Omega Fish Stick 220,Lambda Fish Stick 220,954c893a-91ff-4a2e-9bcc-91e6a46bd6f6
221,Omega Fish Stick 221,Lambda Fish Stick 221,5810793f-1f5b-43e5-9e51-db7a5f109744
222,Omega Fish Stick 222,Lambda Fish Stick 222,668fdccb-efa0-4c5d-bc36-ef9efff445c8
223,Omega Fish Stick 223,Lambda Fish Stick 223,cb2acc1d-0a1e-4c65-a141-476f080bdfaa
224,Omega Fish Stick 224,Lambda Fish Stick 224,e94a4a96-936f-4606-9573-8d3f31a6af23
225,Omega Fish Stick 225,Lambda Fish Stick 225,f9541bf6-d373-4c90-8aa8-2320e231cd97
226,Omega Fish Stick 226,Lambda Fish Stick 226,08193d19-4f6f-4cd5-9c9b-df21aa64dad4
227,Omega Fish Stick 227,Lambda Fish Stick 227,cf5cd911-363f-4bea-bb79-a5600b67f51e
228,Omega Fish Stick 228,Lambda Fish Stick 228,d144b788-283e-4c1b-b1bb-adfc2056dfa7
229,Omega Fish Stick 229,Lambda Fish Stick 229,8fe4d8f0-ebbf-4d34-a6d0-526dbee31e65
230,Omega Fish Stick 230,Lambda Fish Stick 230,dc8f14a9-b038-46d8-9e52-6f6c3e99d7cc
231,Omega Fish Stick 231,Lambda Fish Stick 231,55c0f547-1680-48ff-894e-d848becfc799
232,Omega Fish Stick 232,Lambda Fish Stick 232,44289f19-3c08-4b54-a58f-07da36796a35
233,Omega Fish Stick 233,Lambda Fish Stick 233,ef5d7c6e-060a-4e9d-9c7b-0d81e528f1a3
234,Omega Fish Stick 234,Lambda Fish Stick 234,6c4d2ed6-a1ba-41d2-a2f8-1ba5e402259a
235,Omega Fish Stick 235,Lambda Fish Stick 235,a33dbe48-dd4a-4e15-8839-7a1eb2cd5047
236,Omega Fish Stick 236,Lambda Fish Stick 236,ad8028d9-fb19-4052-bd66-8ee5871c7153
237,Omega Fish Stick 237,Lambda Fish Stick 237,9bee2c78-34e7-40cf-bd81-110d5acb562a
238,Omega Fish Stick 238,Lambda Fish Stick 238,ce11b475-bf4f-432b-a09a-0552d0ef2beb
239,Omega Fish Stick 239,Lambda Fish Stick 239,f118e681-67fb-4648-b2a1-4d6af8e42ba4
240,Omega Fish Stick 240,Lambda Fish Stick 240,17965342-9dfb-4dc3-860b-36e0965d623f
241,Omega Fish Stick 241,Lambda Fish Stick 241,ffb11cad-2908-4f1a-8f3c-4ac57bb82afe
242,Omega Fish Stick 242,Lambda Fish Stick 242,4ec99509-2c3b-4fe8-a77f-aa7d584e824e
243,Omega Fish Stick 243,Lambda Fish Stick 243,28f598ac-f2a4-4b04-98aa-c4eac77c5973
244,Omega Fish Stick 244,Lambda Fish Stick 244,dc2f6841-614d-4915-ad03-d006fdef1e97
245,Omega Fish Stick 245,Lambda Fish Stick 245,2915d0dd-1074-448e-a7d0-8004fb7455ec
246,Omega Fish Stick 246,Lambda Fish Stick 246,d4133374-91d2-4ee5-9575-676eb072d960
247,Omega Fish Stick 247,Lambda Fish Stick 247,66a1a1a1-1303-403e-b658-b3404c3d5648
248,Omega Fish Stick 248,Lambda Fish Stick 248,fe9499d2-bcae-4a3c-90a0-033ae0e9454b
249,Omega Fish Stick 249,Lambda Fish Stick 249,fd1fd32f-fd49-4434-8083-901e933b300b
250,Omega Fish Stick 250,Lambda Fish Stick 250,44a8f9d3-dc41-457e-abc8-1f33244004c2
251,Omega Fish Stick 251,Lambda Fish Stick 251,89f3eafe-e663-404d-a118-812549c1b32e
252,Omega Fish Stick 252,Lambda Fish Stick 252,7ee2e95b-10a8-494d-8055-4b2d7d460c54
253,Omega Fish Stick 253,Lambda Fish Stick 253,ca88dbc1-71a9-4273-84cb-c3711178eb74
254,Omega Fish Stick 254,Lambda Fish Stick 254,f05d3610-709f-48b1-b330-2d7bfb22996c
255,Omega Fish Stick 255,Lambda Fish Stick 255,2d4cdc36-87a5-4a7a-8ad2-fd8f9fbd3963
256,Omega Fish Stick 256,Lambda Fish Stick 256,2452f3ca-ba2c-487b-9304-fb507bae34bb
257,Omega Fish Stick 257,Lambda Fish Stick 257,dfe1cb5f-c86c-42ee-9692-eb79d5867583
258,Omega Fish Stick 258,Lambda Fish Stick 258,eb3d9dcb-f77f-4435-bd7d-ded57483a580
259,Omega Fish Stick 259,Lambda Fish Stick 259,9c55d31a-2045-410b-bb5e-94d3e3c93410
260,Omega Fish Stick 260,Lambda Fish Stick 260,302e7d7e-3b6e-479a-aecb-63731bd41022
261,Omega Fish Stick 261,Lambda Fish Stick 261,cd6a3878-fe7c-4792-b2ba-91d03d4659f5
262,Omega Fish Stick 262,Lambda Fish Stick 262,2eb502bb-9408-47f6-8792-0d58b7dc3c48
263,Omega Fish Stick 263,Lambda Fish Stick 263,6e2ba065-fb46-42d5-93a4-aa28729bd17a
264,Omega Fish Stick 264,Lambda Fish Stick 264,938f1ca3-a067-4c75-9903-eeea169176f7
265,Omega Fish Stick 265,Lambda Fish Stick 265,53bdd596-ec6c-45fa-8458-0f00e94424cc
266,Omega Fish Stick 266,Lambda Fish Stick 266,5dcb87b5-fdac-40ad-8129-b19e3ad4451e
267,Omega Fish Stick 267,Lambda Fish Stick 267,59f85afd-9559-4eb8-9014-3a0cfbb79c40
268,Omega Fish Stick 268,Lambda Fish Stick 268,43413cd4-e263-497a-8482-4e226d600ff8
269,Omega Fish Stick 269,Lambda Fish Stick 269,e35a055e-462c-487a-9aa3-c2ea23e1665c
270,Omega Fish Stick 270,Lambda Fish Stick 270,426e17c6-b888-4b11-a0b2-f57f9bccb27e
271,Omega Fish Stick 271,Lambda Fish Stick 271,90801283-5549-4ec7-a0cb-721daeebd295
272,Omega Fish Stick 272,Lambda Fish Stick 272,cb3232a7-8f29-42bc-adce-5957c058ef99
273,Omega Fish Stick 273,Lambda Fish Stick 273,93371ce0-7a91-42c2-a49a-07a72ac90a3b
274,Omega Fish Stick 274,Lambda Fish Stick 274,603f5c28-0f50-4a06-94f1-9726a648a0f4
275,Omega Fish Stick 275,Lambda Fish Stick 275,2a4dae92-3067-4dc0-bcab-fb68c3537439
276,Omega Fish Stick 276,Lambda Fish Stick 276,c73605ac-fc99-467f-ac3e-1757fbd2f6c8
277,Omega Fish Stick 277,Lambda Fish Stick 277,0f37524c-4191-43ce-9d96-c3c87ad852a0
278,Omega Fish Stick 278,Lambda Fish Stick 278,2f19bef8-2b43-4c8b-a535-ae6b01627213
279,Omega Fish Stick 279,Lambda Fish Stick 279,b2599880-dace-4073-8448-299a6cb1a8ac
280,Omega Fish Stick 280,Lambda Fish Stick 280,d8349b2a-cf04-4300-ba1c-58d12d1d01de
281,Omega Fish Stick 281,Lambda Fish Stick 281,0dad63f0-122f-41f5-a999-41d4f31e99fe
282,Omega Fish Stick 282,Lambda Fish Stick 282,657d6ba0-a996-43fc-97c9-5225e6c894f5
283,Omega Fish Stick 283,Lambda Fish Stick 283,98b9a1da-a72c-4887-a19d-af619959bd6e
284,Omega Fish Stick 284,Lambda Fish Stick 284,ce767681-f3b0-46c2-b60a-5f8a1bdaf40b
285,Omega Fish Stick 285,Lambda Fish Stick 285,64f60ce6-b996-4278-b94c-49a3c3c817a6
286,Omega Fish Stick 286,Lambda Fish Stick 286,0ee7cba8-273c-4ae8-994c-26a23a14f581
287,Omega Fish Stick 287,Lambda Fish Stick 287,f7d886a3-89a5-460d-bcd6-86a476551c98
288,Omega Fish Stick 288,Lambda Fish Stick 288,2f06890d-44fc-49d0-b88a-0d6c24bf9c1a
289,Omega Fish Stick 289,Lambda Fish Stick 289,9b20f9a8-94a4-4526-a185-5fabc1ccd10a
290,Omega Fish Stick 290,Lambda Fish Stick 290,da79c3b7-c799-407a-b21f-7815b75308ea
291,Omega Fish Stick 291,Lambda Fish Stick 291,4c0feec5-7909-4bc8-99ee-b00ad634a920
292,Omega Fish Stick 292,Lambda Fish Stick 292,eada57b7-5b50-4beb-b0fd-cb77853c9777
293,Omega Fish Stick 293,Lambda Fish Stick 293,2b3805e3-3865-4456-982a-b132d9257085
294,Omega Fish Stick 294,Lambda Fish Stick 294,cc413ecd-7741-4224-974d-2e86629d68d4
295,Omega Fish Stick 295,Lambda Fish Stick 295,2c8bfd7c-bbd1-4597-ad5b-8779f053f111
296,Omega Fish Stick 296,Lambda Fish Stick 296,b8871c23-565b-4538-b40d-935cd6abd023
297,Omega Fish Stick 297,Lambda Fish Stick 297,a3e9e4ae-c0b8-40a2-b373-18a87a2b6278
298,Omega Fish Stick 298,Lambda Fish Stick 298,607a0205-f9c5-4ef5-8ca2-56e8970d289d
299,Omega Fish Stick 299,Lambda Fish Stick 299,b4877a34-4fff-471f-9882-f28ad35ea429
300,Omega Fish Stick 300,Lambda Fish Stick 300,ac2a16e4-d346-41b7-8d6a-22810575f172
301,Omega Fish Stick 301,Lambda Fish Stick 301,9289359e-87e8-44a7-9eb2-3ac70be389f5
302,Omega Fish Stick 302,Lambda Fish Stick 302,70b69b73-f28e-441d-a903-a7326331fe3a
303,Omega Fish Stick 303,Lambda Fish Stick 303,d5a5c05d-f4ec-46f7-bdf3-d8b65ef4d61e
304,Omega Fish Stick 304,Lambda Fish Stick 304,b4e2815a-5575-4b0a-859a-662c0303cecc
305,Omega Fish Stick 305,Lambda Fish Stick 305,35247218-5ba7-4700-9e89-6f8560f99e1f
306,Omega Fish Stick 306,Lambda Fish Stick 306,45052962-8dec-4bf2-8cf7-385d02968f20
307,Omega Fish Stick 307,Lambda Fish Stick 307,19bc76e0-1675-48e2-9a5c-75ce6acb7744
308,Omega Fish Stick 308,Lambda Fish Stick 308,c3acc14b-99cf-480b-b7fb-9e6a0d474c2c
309,Omega Fish Stick 309,Lambda Fish Stick 309,37639a6e-517a-4e23-a691-65b10b1cd6b1
310,Omega Fish Stick 310,Lambda Fish Stick 310,2cb40a92-ea8f-454c-8dd8-6ea58dc4d378
311,Omega Fish Stick 311,Lambda Fish Stick 311,96f21d3b-e4ac-446d-9ca1-ea77519edfe6
312,Omega Fish Stick 312,Lambda Fish Stick 312,85650e55-bc49-4dce-b918-934a0245737f
313,Omega Fish Stick 313,Lambda Fish Stick 313,f9fb0421-7764-447e-a1e2-5f8c3ebcb9d7
314,Omega Fish Stick 314,Lambda Fish Stick 314,744d763b-8996-4f88-8789-042bff66f3b5
315,Omega Fish Stick 315,Lambda Fish Stick 315,ac1ea987-7b30-4ae9-8d20-15776dec6b96
316,Omega Fish Stick 316,Lambda Fish Stick 316,c4746121-ae29-4628-8a48-596f312fe65b
317,Omega Fish Stick 317,Lambda Fish Stick 317,949074f6-585e-4201-8f6e-83944481b4c6
318,Omega Fish Stick 318,Lambda Fish Stick 318,11d59355-f9d5-47cc-ae08-44fffa668fca
319,Omega Fish Stick 319,Lambda Fish Stick 319,b16afa17-c8cc-4f03-9aae-6139d7a0b91d
320,Omega Fish Stick 320,Lambda Fish Stick 320,fd1ae6e5-1806-4871-bab5-007481b48323
321,Omega Fish Stick 321,Lambda Fish Stick 321,eb83bf38-3039-4512-b434-3ba006625230
322,Omega Fish Stick 322,Lambda Fish Stick 322,2c054286-35eb-4734-82d7-77180ad1ce27
323,Omega Fish Stick 323,Lambda Fish Stick 323,d89aa7ec-d13e-4775-8ca6-5cbd67a392a0
324,Omega Fish Stick 324,Lambda Fish Stick 324,af0b8d4c-e056-4ef6-9a46-f1e2922efce0
325,Omega Fish Stick 325,Lambda Fish Stick 325,24246323-9d00-49f8-93c7-77a25589e435
326,Omega Fish Stick 326,Lambda Fish Stick 326,fc9635f4-cfc9-4da5-b9bc-460ba9376eeb
327,Omega Fish Stick 327,Lambda Fish Stick 327,c2e7400d-b495-427e-8d26-1c196407aa77
328,Omega Fish Stick 328,Lambda Fish Stick 328,a79eb57b-38d8-4558-be43-de92f926fa63
329,Omega Fish Stick 329,Lambda Fish Stick 329,5603b4ac-f257-46ff-87f7-6c88fc57b563
330,Omega Fish Stick 330,Lambda Fish Stick 330,079953ef-1d49-41cf-bae7-b860bbabe11c
331,Omega Fish Stick 331,Lambda Fish Stick 331,0c609ce9-6243-434d-b6eb-a998acb4c870
332,Omega Fish Stick 332,Lambda Fish Stick 332,6cd2daf8-b54b-4b3e-beeb-e5d5db05e24f
333,Omega Fish Stick 333,Lambda Fish Stick 333,328b8138-7134-43a1-a07b-3606ce4cc3c0
334,Omega Fish Stick 334,Lambda Fish Stick 334,41a27a13-4b27-437e-b94c-9617f240686c
335,Omega Fish Stick 335,Lambda Fish Stick 335,68a5979e-0de9-448a-a186-da9f2a112e35
336,Omega Fish Stick 336,Lambda Fish Stick 336,e28cb7d0-72f5-4ed3-a830-7d3a3d4219d5
337,Omega Fish Stick 337,Lambda Fish Stick 337,49a09467-adfa-49fc-9c55-c25442cd44d1
338,Omega Fish Stick 338,Lambda Fish Stick 338,8458e300-5a07-45b7-a6e3-2e815b18571c
339,Omega Fish Stick 339,Lambda Fish Stick 339,04e1b474-212b-4f40-8401-507de05051b6
340,Omega Fish Stick 340,Lambda Fish Stick 340,326a10db-7f95-4599-9dd4-6a01ef8550b3
341,Omega Fish Stick 341,Lambda Fish Stick 341,3b66cbec-4f52-42bb-9151-124cb5d57934
342,Omega Fish Stick 342,Lambda Fish Stick 342,1d9830c8-620f-496b-9b9a-9724cf42efa4
343,Omega Fish Stick 343,Lambda Fish Stick 343,f123d90d-df2b-4431-afc8-d96a9ba85aa2
344,Omega Fish Stick 344,Lambda Fish Stick 344,7c78084e-f2e0-4ead-af34-98b5c0181bb8
345,Omega Fish Stick 345,Lambda Fish Stick 345,c3d98fb3-196e-46d9-8f8b-97fa039414c7
346,Omega Fish Stick 346,Lambda Fish Stick 346,a2ec4149-b7a1-4fca-ab42-b757d464ed80
347,Omega Fish Stick 347,Lambda Fish Stick 347,05e08c9f-3f4b-4d70-8d80-616600588fb1
348,Omega Fish Stick 348,Lambda Fish Stick 348,419c389e-e1e1-46b4-80d6-fdd414fb9098
349,Omega Fish Stick 349,Lambda Fish Stick 349,2e8ad1ae-4c96-4d9f-bd73-80e8279166f2
350,Omega Fish Stick 350,Lambda Fish Stick 350,e0900fb8-9c0a-4cdf-8136-872b1c27cf76
351,Omega Fish Stick 351,Lambda Fish Stick 351,0e076c62-435f-4427-8e13-81e39f220747
352,Omega Fish Stick 352,Lambda Fish Stick 352,08d894fc-806f-4d8c-b22b-4c209e2a540d
353,Omega Fish Stick 353,Lambda Fish Stick 353,58ed0138-b84d-4576-bfd4-a9fc6efc96a2
354,Omega Fish Stick 354,Lambda Fish Stick 354,8f178b95-49c7-4495-a335-77e3e1dcf514
355,Omega Fish Stick 355,Lambda Fish Stick 355,3a12fcdb-c86d-4e21-bb14-b6300dfdb416
356,Omega Fish Stick 356,Lambda Fish Stick 356,782b6b79-0ff0-48e9-bd5f-ce1845b83cb5
357,Omega Fish Stick 357,Lambda Fish Stick 357,ada298b1-e4ba-40aa-a24b-e8d57ca9dfa2
358,Omega Fish Stick 358,Lambda Fish Stick 358,a0072d01-48b0-4556-8ab3-c5ee514d2cb7
359,Omega Fish Stick 359,Lambda Fish Stick 359,6085ddea-98ea-4484-afa5-c95f01f087fb
360,Omega Fish Stick 360,Lambda Fish Stick 360,ec7b7d0a-878d-4d34-892c-04f93690ee13
361,Omega Fish Stick 361,Lambda Fish Stick 361,66bf4d24-ffd6-483b-b5ba-4869fb9767fd
362,Omega Fish Stick 362,Lambda Fish Stick 362,f257c26a-f04b-4fef-b641-c8b8c95d4025
363,Omega Fish Stick 363,Lambda Fish Stick 363,48bab7bf-4a53-48f7-98b0-802926e6d539
364,Omega Fish Stick 364,Lambda Fish Stick 364,3fa3a835-a047-495d-8e7b-7cc3a2d2aff2
365,Omega Fish Stick 365,Lambda Fish Stick 365,8fe07389-ec16-45c0-9be6-e2da7fb90a53
366,Omega Fish Stick 366,Lambda Fish Stick 366,f00b0843-0295-4b4d-970f-1779d8c0bc67
367,Omega Fish Stick 367,Lambda Fish Stick 367,d6ecd23f-8aec-438b-84d4-0cfc6e08322d
368,Omega Fish Stick 368,Lambda Fish Stick 368,ede25160-e7b3-4394-afaa-c05d05a3b0b3
369,Omega Fish Stick 369,Lambda Fish Stick 369,fd440235-fe42-41bf-abe3-046d3e442ef9
370,Omega Fish Stick 370,Lambda Fish Stick 370,b0a8a875-fa26-4490-90d9-6a9acbb45c6f
371,Omega Fish Stick 371,Lambda Fish Stick 371,f5b956e2-7f02-4ee2-895a-80f8d5251464
372,Omega Fish Stick 372,Lambda Fish Stick 372,133110fc-6081-4fe6-9e79-6f3294fdb876
373,Omega Fish Stick 373,Lambda Fish Stick 373,9e04e060-e780-4f34-859c-b0df2432cc63
374,Omega Fish Stick 374,Lambda Fish Stick 374,a0735cdd-0669-43e3-94fb-4fc17f04c354
375,Omega Fish Stick 375,Lambda Fish Stick 375,97915254-2bcd-4847-a774-4c453fbabece
376,Omega Fish Stick 376,Lambda Fish Stick 376,b4520536-1926-4079-8a0a-2e3362fcfd3e
377,Omega Fish Stick 377,Lambda Fish Stick 377,c794eb75-667f-457a-a687-e93596cd13f1
378,Omega Fish Stick 378,Lambda Fish Stick 378,15330ffa-e387-4d65-9445-d448a0afdbb7
379,Omega Fish Stick 379,Lambda Fish Stick 379,5be36ab8-f489-400a-9dcf-9886b0757ac5
380,Omega Fish Stick 380,Lambda Fish Stick 380,a76da12d-039f-410d-97ec-bb7a99c1521f
381,Omega Fish Stick 381,Lambda Fish Stick 381,406fc914-5ec2-4626-8b25-e4f4c1d8773a
382,Omega Fish Stick 382,Lambda Fish Stick 382,69a08c45-4770-4696-a56b-e410f767063a
383,Omega Fish Stick 383,Lambda Fish Stick 383,25b7d5be-b639-4d2d-b235-670fb28e243a
384,Omega Fish Stick 384,Lambda Fish Stick 384,329a7760-6c5d-4a49-896f-38174df73174
385,Omega Fish Stick 385,Lambda Fish Stick 385,096f9a3c-5806-4212-a61f-fa9d5338ce03
386,Omega Fish Stick 386,Lambda Fish Stick 386,eb7be945-f357-4b37-add0-6f7d51b9568e
387,Omega Fish Stick 387,Lambda Fish Stick 387,4d034387-12f4-4f83-97c1-f29ba779c601
388,Omega Fish Stick 388,Lambda Fish Stick 388,ba9887fe-77c9-4236-93eb-592166189a28
389,Omega Fish Stick 389,Lambda Fish Stick 389,e1280fb0-be38-4dd4-bdc5-a5a7d0911004
390,Omega Fish Stick 390,Lambda Fish Stick 390,5ca6754c-89fa-4e48-8351-f37c3104b131
391,Omega Fish Stick 391,Lambda Fish Stick 391,e07d036c-9f99-4e28-8662-56f8e593809a
392,Omega Fish Stick 392,Lambda Fish Stick 392,74e410ae-61cc-44ec-8954-00bef8aa981f
393,Omega Fish Stick 393,Lambda Fish Stick 393,abfbba17-08cf-446d-b2f2-af6385d9de3d
394,Omega Fish Stick 394,Lambda Fish Stick 394,1b27030d-9cdd-41b9-a11f-4bf72d7aca1a
395,Omega Fish Stick 395,Lambda Fish Stick 395,6c41b52c-2d31-4f91-bff8-5032dec655b5
396,Omega Fish Stick 396,Lambda Fish Stick 396,f21eede3-37f4-4cd1-8823-add5d02a45f2
397,Omega Fish Stick 397,Lambda Fish Stick 397,14e927d3-c47b-491b-85f6-95b4310a81bd
398,Omega Fish Stick 398,Lambda Fish Stick 398,62812769-9ec0-43a2-a4ff-b33335158494
399,Omega Fish Stick 399,Lambda Fish Stick 399,7f9fb7f5-aca2-472d-803b-42758f7ebbe6
400,Omega Fish Stick 400,Lambda Fish Stick 400,5a6954d5-72dd-40bf-85c5-b4730032326f
401,Omega Fish Stick 401,Lambda Fish Stick 401,744e1234-5064-45eb-9bd1-a58a1594bd71
402,Omega Fish Stick 402,Lambda Fish Stick 402,11496a0c-effe-426d-9e5b-878ad8827892
403,Omega Fish Stick 403,Lambda Fish Stick 403,9fb2fe4e-fbe1-4ac9-8f73-0779f3815c73
404,Omega Fish Stick 404,Lambda Fish Stick 404,da3c5c26-2ceb-4eee-99c6-c0a8448d58f7
405,Omega Fish Stick 405,Lambda Fish Stick 405,f5c6a66f-ba2e-48bf-bd65-aafbd7b7005d
406,Omega Fish Stick 406,Lambda Fish Stick 406,a65b55dc-224b-48cc-bd5c-13356f2175c4
407,Omega Fish Stick 407,Lambda Fish Stick 407,4a44e7e9-1fbd-465a-afa7-e0a682732229
408,Omega Fish Stick 408,Lambda Fish Stick 408,04518a44-9ff1-4910-8d80-e55870c1d7eb
409,Omega Fish Stick 409,Lambda Fish Stick 409,c791f13e-da7d-4083-b6e9-e9a79419dd37
410,Omega Fish Stick 410,Lambda Fish Stick 410,db4d6dc9-3fb4-4ab4-9947-4d2c75a0f2b0
411,Omega Fish Stick 411,Lambda Fish Stick 411,062eaa1d-0012-4f1a-8558-483219a61ba6
412,Omega Fish Stick 412,Lambda Fish Stick 412,1fbd46d2-4739-4b1b-b54f-f758da85307a
413,Omega Fish Stick 413,Lambda Fish Stick 413,019b2b89-42dd-4d89-b4b2-697df0b9d2b4
414,Omega Fish Stick 414,Lambda Fish Stick 414,5f72b7b9-b49e-4ec1-aed1-61b77774a6f3
415,Omega Fish Stick 415,Lambda Fish Stick 415,4e939291-523e-4fb3-803b-c48c9f0889b8
416,Omega Fish Stick 416,Lambda Fish Stick 416,cfe669a7-b75e-4fcd-b019-3963fcf6ac26
417,Omega Fish Stick 417,Lambda Fish Stick 417,9f9b446f-2425-4184-a74a-9d770025239f
418,Omega Fish Stick 418,Lambda Fish Stick 418,45730a75-3cc7-4646-b90b-b7af40ece78b
419,Omega Fish Stick 419,Lambda Fish Stick 419,83f6a9d3-9af3-4ef7-b84b-eac03d66e1e1
420,Omega Fish Stick 420,Lambda Fish Stick 420,43935dc7-e86b-4c31-86f3-4cc99b8bb557
421,Omega Fish Stick 421,Lambda Fish Stick 421,14d93243-a237-4d27-965a-5a7c58dfa243
422,Omega Fish Stick 422,Lambda Fish Stick 422,8a6b2c05-33ff-40a0-889f-a9d867061af6
423,Omega Fish Stick 423,Lambda Fish Stick 423,5f9c5952-0391-41b5-9cb4-c0f1410d7175
424,Omega Fish Stick 424,Lambda Fish Stick 424,fd4ac1b1-e3c5-4c94-9e70-70d764522966
425,Omega Fish Stick 425,Lambda Fish Stick 425,154b7e0c-6ec0-4d93-95f7-9ea6e45144d2
426,Omega Fish Stick 426,Lambda Fish Stick 426,6790c51b-b7ba-4c69-a516-07b5d0981101
427,Omega Fish Stick 427,Lambda Fish Stick 427,aede86fa-8c78-4980-91a0-7b07d2ee51d6
428,Omega Fish Stick 428,Lambda Fish Stick 428,8747d70f-8f78-4de3-a6cd-044e364386c4
429,Omega Fish Stick 429,Lambda Fish Stick 429,1c8fe5d0-85c7-4924-97d7-86800b77b924
430,Omega Fish Stick 430,Lambda Fish Stick 430,576faa4f-291c-4c7f-a291-ea3d3fd3a1db
431,Omega Fish Stick 431,Lambda Fish Stick 431,efea1761-90b4-41f9-84d0-278a85d81d93
432,Omega Fish Stick 432,Lambda Fish Stick 432,494d4426-8132-4586-b55a-56e4d61145d7
433,Omega Fish Stick 433,Lambda Fish Stick 433,7e8a8be7-28cf-4617-b758-4312aa158453
434,Omega Fish Stick 434,Lambda Fish Stick 434,7cea31a0-97e2-4f87-bfaf-b0e2c1d1a7df
435,Omega Fish Stick 435,Lambda Fish Stick 435,1922be6b-b6c5-4a7f-aea9-4b662c14bfa8
436,Omega Fish Stick 436,Lambda Fish Stick 436,7c050373-0756-425f-9e2b-748d651f00ac
437,Omega Fish Stick 437,Lambda Fish Stick 437,fb2cab83-df01-4240-a695-e17b4d894d78
438,Omega Fish Stick 438,Lambda Fish Stick 438,d8b71968-297f-44d1-b48e-5424c2796acc
439,Omega Fish Stick 439,Lambda Fish Stick 439,c16fd7e7-983b-4f8e-8ad6-d3fcada1f577
440,Omega Fish Stick 440,Lambda Fish Stick 440,10b4a6c3-2c8f-467f-95b6-ff94c525bf9f
441,Omega Fish Stick 441,Lambda Fish Stick 441,24f2ef2a-88c4-4dcb-8e1c-a0634011efb3
442,Omega Fish Stick 442,Lambda Fish Stick 442,ed246a77-6862-4cc0-a113-30c317b67fbe
443,Omega Fish Stick 443,Lambda Fish Stick 443,9fa829e0-fb06-463a-b55b-4ce79521d008
444,Omega Fish Stick 444,Lambda Fish Stick 444,23714716-d128-488a-b3a8-939073261ca8
445,Omega Fish Stick 445,Lambda Fish Stick 445,b531392b-5306-409a-aa62-b6e2e215baa8
446,Omega Fish Stick 446,Lambda Fish Stick 446,b4ae72dd-fbb8-4fa7-b33b-8ab2f0ca4f22
447,Omega Fish Stick 447,Lambda Fish Stick 447,0ae69200-24fe-40a5-8bbf-75355af6aec2
448,Omega Fish Stick 448,Lambda Fish Stick 448,a247649c-6a36-4a48-984e-09e2a9878389
449,Omega Fish Stick 449,Lambda Fish Stick 449,96b4da07-b009-4e6b-92e9-f69e2f182684
450,Omega Fish Stick 450,Lambda Fish Stick 450,c697347f-f460-44a8-af1b-42157f0a4ea6
451,Omega Fish Stick 451,Lambda Fish Stick 451,d2fb0b73-7daf-40e3-9065-1cf1531e0f53
452,Omega Fish Stick 452,Lambda Fish Stick 452,8fa1f5d0-7cc9-4064-9e82-aae813aefa14
453,Omega Fish Stick 453,Lambda Fish Stick 453,28263114-a0bc-404d-86d5-5f90953fbb93
454,Omega Fish Stick 454,Lambda Fish Stick 454,d5e2fa54-d02b-46ad-acd5-14ff265bfd96
455,Omega Fish Stick 455,Lambda Fish Stick 455,c55faeda-5ab6-43b2-99ad-4ab0effba8cf
456,Omega Fish Stick 456,Lambda Fish Stick 456,4dba0079-4fb2-4f53-96cf-38e66d7b364b
457,Omega Fish Stick 457,Lambda Fish Stick 457,0a77540a-d26a-4dd4-855a-f2bbb386ae7a
458,Omega Fish Stick 458,Lambda Fish Stick 458,5cbc6a60-c070-428b-bcc9-98fd3e296116
459,Omega Fish Stick 459,Lambda Fish Stick 459,7740bb5f-66a3-4d88-9dd0-cfba041244e9
460,Omega Fish Stick 460,Lambda Fish Stick 460,ea63e563-f661-402c-8f9c-91f973fe8f98
461,Omega Fish Stick 461,Lambda Fish Stick 461,19ab4650-7df7-40a7-b3e0-f493776bda1f
462,Omega Fish Stick 462,Lambda Fish Stick 462,fbf7b748-c103-4e90-a1d5-52bb84a85533
463,Omega Fish Stick 463,Lambda Fish Stick 463,8c5ddeed-86eb-463c-a81b-2e1bca8d3ad1
464,Omega Fish Stick 464,Lambda Fish Stick 464,092f51e1-cc86-4b71-ba59-7eda0d7f6116
465,Omega Fish Stick 465,Lambda Fish Stick 465,711a429c-5cd2-45e8-a40a-443df7331869
466,Omega Fish Stick 466,Lambda Fish Stick 466,7fa8f8ac-c9d4-45d6-9933-e0635d495e54
467,Omega Fish Stick 467,Lambda Fish Stick 467,e4ba9b22-6ee3-4cd8-a9eb-34ea62cc836a
468,Omega Fish Stick 468,Lambda Fish Stick 468,22ffa0c1-95c1-4404-9821-efbcba07ab25
469,Omega Fish Stick 469,Lambda Fish Stick 469,577a389f-92fa-4e84-8a6d-82d0fe9b3455
470,Omega Fish Stick 470,Lambda Fish Stick 470,7a943c45-4bd3-4cc0-aa3a-c86bb1b4ffeb
471,Omega Fish Stick 471,Lambda Fish Stick 471,b8974d94-6277-436a-bc78-516a3145ee88
472,Omega Fish Stick 472,Lambda Fish Stick 472,f7f226a8-e7c3-41ed-ade4-9ce9f9e8def6
473,Omega Fish Stick 473,Lambda Fish Stick 473,f55205e6-def0-4676-b059-7c651a8600d3
474,Omega Fish Stick 474,Lambda Fish Stick 474,a3c240ac-54ff-4a96-bf70-46e648d6fb5c
475,Omega Fish Stick 475,Lambda Fish Stick 475,90c81548-040e-4071-a36e-facc1c92bc94
476,Omega Fish Stick 476,Lambda Fish Stick 476,835362fe-5128-49b6-8bd3-45a974e06975
477,Omega Fish Stick 477,Lambda Fish Stick 477,9d4898c5-9e13-4a51-a238-a4a40e4e265f
478,Omega Fish Stick 478,Lambda Fish Stick 478,4e475941-d0e0-4df2-8ba9-e14f9db88217
479,Omega Fish Stick 479,Lambda Fish Stick 479,919ee8fb-0019-4b7f-a5fd-ccc7119868c2
480,Omega Fish Stick 480,Lambda Fish Stick 480,fd1491e0-d9af-4f4c-9ff9-f293f2775d32
481,Omega Fish Stick 481,Lambda Fish Stick 481,055771bb-90a4-4802-afd7-44a13594b005
482,Omega Fish Stick 482,Lambda Fish Stick 482,74a15e9a-bb2f-4866-a7aa-8079d1f1f3e8
483,Omega Fish Stick 483,Lambda Fish Stick 483,9fa1e766-339c-41d2-a705-afa87a5cae7a
484,Omega Fish Stick 484,Lambda Fish Stick 484,49500160-e326-4a33-adcb-ddb0c1d7f288
485,Omega Fish Stick 485,Lambda Fish Stick 485,3cea478a-e1ac-4e48-a638-ce3b5e5f793f
486,Omega Fish Stick 486,Lambda Fish Stick 486,c327a072-a850-495d-9139-8a5e64c856ba
487,Omega Fish Stick 487,Lambda Fish Stick 487,72fb9d5f-d67e-4580-95bc-e011bf75873e
488,Omega Fish Stick 488,Lambda Fish Stick 488,5cb2f3c4-642e-4bd9-af3d-a99f76c5d19f
489,Omega Fish Stick 489,Lambda Fish Stick 489,c17c92b7-263f-4e93-9de1-e304a9b4abab
490,Omega Fish Stick 490,Lambda Fish Stick 490,c71f1581-1a13-425c-b4a8-9805c0099f05
491,Omega Fish Stick 491,Lambda Fish Stick 491,2ea7201a-74b7-4243-8ab2-4119e5551838
492,Omega Fish Stick 492,Lambda Fish Stick 492,e493eef5-0442-4e44-99b5-c7cff63cc305
493,Omega Fish Stick 493,Lambda Fish Stick 493,6407ea24-78fb-43ba-b418-383c8373ec18
494,Omega Fish Stick 494,Lambda Fish Stick 494,6ec27159-64f7-4d4e-b712-1dc10f293522
495,Omega Fish Stick 495,Lambda Fish Stick 495,ed1085f1-2971-4790-83ac-eefacf1e234e
496,Omega Fish Stick 496,Lambda Fish Stick 496,3525caa4-e2a5-4d2d-a512-5e4f9c6b3edf
497,Omega Fish Stick 497,Lambda Fish Stick 497,eefc551e-c8a8-4c90-907e-4e357b6f1d6a
498,Omega Fish Stick 498,Lambda Fish Stick 498,fab37861-9ec0-4019-90a7-39cc6452e573
499,Omega Fish Stick 499,Lambda Fish Stick 499,b11043cc-0067-4e79-8e8b-5036200e548a
500,Omega Fish Stick 500,Lambda Fish Stick 500,2c4581af-43a9-4ced-b741-26eabc0814d1
501,Omega Fish Stick 501,Lambda Fish Stick 501,f97b0f5e-f3cd-4e5e-83ff-019051175a2d
502,Omega Fish Stick 502,Lambda Fish Stick 502,4d10dacc-76b3-46b8-8d7d-5e73660c7bf3
503,Omega Fish Stick 503,Lambda Fish Stick 503,345ac7ed-62bc-4788-aa76-1ef50fab42ad
504,Omega Fish Stick 504,Lambda Fish Stick 504,7fc65c9c-63b0-4387-8c71-c7e250fb3669
505,Omega Fish Stick 505,Lambda Fish Stick 505,2f95be0e-28d8-44f5-92c0-de5e03ec0aeb
506,Omega Fish Stick 506,Lambda Fish Stick 506,2ee7428e-e58b-4aa5-8033-3907400f79b0
507,Omega Fish Stick 507,Lambda Fish Stick 507,9ad2736a-0156-4760-8447-ff79c95d556e
508,Omega Fish Stick 508,Lambda Fish Stick 508,b2e1c9ab-c339-4812-b569-3ff011ca188f
509,Omega Fish Stick 509,Lambda Fish Stick 509,c4cf56dd-16b1-4e73-9c49-1d5ac5588c07
510,Omega Fish Stick 510,Lambda Fish Stick 510,1b096c86-3a3c-4b0d-9ad3-68fee091b082
511,Omega Fish Stick 511,Lambda Fish Stick 511,c16b5ad8-8d87-43a4-b62c-e977ccb2ea22
512,Omega Fish Stick 512,Lambda Fish Stick 512,b68d890e-39a0-46b1-8914-f3dbe26334b7
513,Omega Fish Stick 513,Lambda Fish Stick 513,a0b2eaf0-c9e2-4ba9-a53b-3c338e154e2d
514,Omega Fish Stick 514,Lambda Fish Stick 514,235f997f-d459-4872-8e0e-b4d6f6c529e5
515,Omega Fish Stick 515,Lambda Fish Stick 515,b0a52b5e-9713-453f-9a43-e78466e40ad2
516,Omega Fish Stick 516,Lambda Fish Stick 516,19821882-7671-4361-b5e0-942ebcb0d369
517,Omega Fish Stick 517,Lambda Fish Stick 517,c6227bda-a458-4492-9af6-6e9370d98f07
518,Omega Fish Stick 518,Lambda Fish Stick 518,37fd6aef-cab8-4d94-bbf4-8646fdf27ecd
519,Omega Fish Stick 519,Lambda Fish Stick 519,706806a9-4b80-47b6-aa3d-1911f5ed9c6d
520,Omega Fish Stick 520,Lambda Fish Stick 520,1aa21645-2664-4c4d-b7d3-e15ee8d1125c
521,Omega Fish Stick 521,Lambda Fish Stick 521,038d39bf-cc96-4677-966c-7b99ec5a741d
522,Omega Fish Stick 522,Lambda Fish Stick 522,1304d6e6-967b-4891-b979-6b8c6d10a22a
523,Omega Fish Stick 523,Lambda Fish Stick 523,bf13cab0-4342-447e-a062-538c3f0311b2
524,Omega Fish Stick 524,Lambda Fish Stick 524,9d6b11ba-a707-4291-bcdb-f3e5495a4a9e
525,Omega Fish Stick 525,Lambda Fish Stick 525,de068de2-7f13-4861-9cf0-0030a6219400
526,Omega Fish Stick 526,Lambda Fish Stick 526,6dd97c80-79ae-4c51-bb73-79db514cc1f4
527,Omega Fish Stick 527,Lambda Fish Stick 527,1237d7fb-1f47-4132-8ca6-65a17556cc13
528,Omega Fish Stick 528,Lambda Fish Stick 528,780a7020-8223-46b9-a16c-88c03b5e6457
529,Omega Fish Stick 529,Lambda Fish Stick 529,8af1bfd7-4e7b-4672-a094-7168deb8e4d2
530,Omega Fish Stick 530,Lambda Fish Stick 530,73c6ca63-4efa-4a58-a087-e665c7f59ac2
531,Omega Fish Stick 531,Lambda Fish Stick 531,3e1bfc3f-2de6-48d9-8bd7-f4a65ee0c9b1
532,Omega Fish Stick 532,Lambda Fish Stick 532,fef88731-f12b-4903-8b63-5dcf356a68c2
533,Omega Fish Stick 533,Lambda Fish Stick 533,d8038f50-e7f2-4f24-9d32-b01fecb3d427
534,Omega Fish Stick 534,Lambda Fish Stick 534,37ee65a3-e991-409e-aacc-935150ccecad
535,Omega Fish Stick 535,Lambda Fish Stick 535,b6efaa7c-3080-4ce1-bf1f-5aa0da565d42
536,Omega Fish Stick 536,Lambda Fish Stick 536,48977f6a-3495-422f-acca-df7228d1c671
537,Omega Fish Stick 537,Lambda Fish Stick 537,8e2b18cb-2101-4e4b-a9e3-74d9b3c31456
538,Omega Fish Stick 538,Lambda Fish Stick 538,1828e1ca-f1f5-41c1-afce-733cfe413dfb
539,Omega Fish Stick 539,Lambda Fish Stick 539,7b5e2888-4dbc-4ed4-ad59-8ac1e1caf983
540,Omega Fish Stick 540,Lambda Fish Stick 540,ae92a861-c27b-4bf4-a491-4cdf570edf71
541,Omega Fish Stick 541,Lambda Fish Stick 541,aeae0859-3aca-4d43-bd2d-bc2034a5780e
542,Omega Fish Stick 542,Lambda Fish Stick 542,401d4875-e430-485e-94b2-7df6328a545a
543,Omega Fish Stick 543,Lambda Fish Stick 543,f10ef8dc-e59b-48d8-92e4-9fd07ac763fb
544,Omega Fish Stick 544,Lambda Fish Stick 544,f9e2ba9a-e7cd-4cce-9ebe-b45b9ff2b5b4
545,Omega Fish Stick 545,Lambda Fish Stick 545,f61cf076-78cf-4a4c-84ec-becdbb08c80d
546,Omega Fish Stick 546,Lambda Fish Stick 546,cecf583e-ac9c-4035-a7b8-fc3cf4f44f11
547,Omega Fish Stick 547,Lambda Fish Stick 547,69f7a58d-711b-483e-938c-3ac413d3b6a2
548,Omega Fish Stick 548,Lambda Fish Stick 548,0f05a0b3-9b61-440c-800a-e5f8afbfe5b0
549,Omega Fish Stick 549,Lambda Fish Stick 549,046b78c6-8d2e-46b6-a525-21ab3ad35a52
550,Omega Fish Stick 550,Lambda Fish Stick 550,4fc37404-0c1f-4f86-9473-529d7d290e3f
551,Omega Fish Stick 551,Lambda Fish Stick 551,68745a86-e811-453e-9049-d566af6162ab
552,Omega Fish Stick 552,Lambda Fish Stick 552,34dfcd11-f707-4088-942b-64a4c67870e5
553,Omega Fish Stick 553,Lambda Fish Stick 553,6d364000-38b7-49d3-b4c4-7a77b7e0cc47
554,Omega Fish Stick 554,Lambda Fish Stick 554,bced8bdf-1960-4246-9cb1-78efd1788874
555,Omega Fish Stick 555,Lambda Fish Stick 555,144b733e-bd93-40a1-a95a-297a89271926
556,Omega Fish Stick 556,Lambda Fish Stick 556,23a99f95-b2f8-4a1c-abb4-e2ad6e8c70db
557,Omega Fish Stick 557,Lambda Fish Stick 557,b2d340ce-dbb4-4662-9310-91ff8fe6e159
558,Omega Fish Stick 558,Lambda Fish Stick 558,95103a45-0ffd-4828-9ace-bf96e1833baa
559,Omega Fish Stick 559,Lambda Fish Stick 559,8bc928ba-a338-4171-a61e-8c3e9aa773cc
560,Omega Fish Stick 560,Lambda Fish Stick 560,a25d78c8-2d20-4d14-8cf8-7d81718969d0
561,Omega Fish Stick 561,Lambda Fish Stick 561,63e7c9b6-d886-4178-ad66-b2b99ba94d87
562,Omega Fish Stick 562,Lambda Fish Stick 562,4ad52bc3-8499-46c7-9625-8b55b3024ce4
563,Omega Fish Stick 563,Lambda Fish Stick 563,e35f8ebf-da9a-46db-a937-bb1d41695a5e
564,Omega Fish Stick 564,Lambda Fish Stick 564,34ee10ad-6c0b-479e-879d-401c3d3a36d8
565,Omega Fish Stick 565,Lambda Fish Stick 565,3649f546-2cfa-4eef-b942-cde0cb60d077
566,Omega Fish Stick 566,Lambda Fish Stick 566,c1eca596-1c69-484c-ab44-70f2d8aecada
567,Omega Fish Stick 567,Lambda Fish Stick 567,0675d052-a4d6-4c29-8f22-f540be6e047c
568,Omega Fish Stick 568,Lambda Fish Stick 568,c95bee76-8680-4137-bf64-fcc6b2c2ad08
569,Omega Fish Stick 569,Lambda Fish Stick 569,488ff5cc-910f-495d-ab30-8ee982adfbab
570,Omega Fish Stick 570,Lambda Fish Stick 570,75c692bb-005b-45a4-9d2b-7d144eb51365
571,Omega Fish Stick 571,Lambda Fish Stick 571,4d8b3771-702b-42a4-aa32-308712ea2e61
572,Omega Fish Stick 572,Lambda Fish Stick 572,e849d93b-3978-48aa-b9e6-cde7c5f270d0
573,Omega Fish Stick 573,Lambda Fish Stick 573,eb26be00-e7fa-475f-8b0e-6297c27f6122
574,Omega Fish Stick 574,Lambda Fish Stick 574,e4aa67d3-e66d-4c4f-a6ed-e391b4934d90
575,Omega Fish Stick 575,Lambda Fish Stick 575,c69a2b77-6049-47d8-b8d6-aef625b2eb67
576,Omega Fish Stick 576,Lambda Fish Stick 576,dbf3eaec-a216-4d1b-94aa-9008e89e5dc8
577,Omega Fish Stick 577,Lambda Fish Stick 577,0db9a621-eb40-41d3-90df-6e24f02b9694
578,Omega Fish Stick 578,Lambda Fish Stick 578,4acb068b-056f-4df4-a728-070dfb0181c3
579,Omega Fish Stick 579,Lambda Fish Stick 579,f4ad646b-6349-4ebc-9020-525821ea0e05
580,Omega Fish Stick 580,Lambda Fish Stick 580,aa623aa0-46c5-4b9f-a4e2-0af6793ebc24
581,Omega Fish Stick 581,Lambda Fish Stick 581,d3289697-6727-4af3-a4e6-6f174a2a64ef
582,Omega Fish Stick 582,Lambda Fish Stick 582,21435788-35ee-4159-b3f9-a87f0b779e47
583,Omega Fish Stick 583,Lambda Fish Stick 583,57c16ec9-2429-47da-ab3e-9100cce8f72b
584,Omega Fish Stick 584,Lambda Fish Stick 584,a36c8afb-eb03-422c-ad74-f5530b516e43
585,Omega Fish Stick 585,Lambda Fish Stick 585,98ba11c6-28b2-45eb-ae04-25ffb7ff6279
586,Omega Fish Stick 586,Lambda Fish Stick 586,59f68a7c-1c22-4c49-b65d-478099091374
587,Omega Fish Stick 587,Lambda Fish Stick 587,8218d54a-99c3-476d-8099-01ce2c5c4830
588,Omega Fish Stick 588,Lambda Fish Stick 588,208bf6d3-6f49-4da5-830b-04f0e496fd7c
589,Omega Fish Stick 589,Lambda Fish Stick 589,59a3e00e-f92b-46b0-a5e1-4f04ebc5ed7b
590,Omega Fish Stick 590,Lambda Fish Stick 590,afec6241-03fd-4ca4-a13c-53e81bf57e54
591,Omega Fish Stick 591,Lambda Fish Stick 591,4deae387-3a59-49be-af8f-f4497ebc3531
592,Omega Fish Stick 592,Lambda Fish Stick 592,17d65926-f13b-4753-af83-f7769fc46913
593,Omega Fish Stick 593,Lambda Fish Stick 593,b2ce4b6f-d2dd-4bd9-8671-d60e460f6359
594,Omega Fish Stick 594,Lambda Fish Stick 594,0b5073db-4993-4812-9a28-b1e0ae47532d
595,Omega Fish Stick 595,Lambda Fish Stick 595,356e1495-b3b0-44af-b561-54aca13e4629
596,Omega Fish Stick 596,Lambda Fish Stick 596,b4886c2e-d3f2-445d-ae54-a7013033ce70
597,Omega Fish Stick 597,Lambda Fish Stick 597,c84cfbaf-6622-46d3-ae6c-8a0c30dba98b
598,Omega Fish Stick 598,Lambda Fish Stick 598,78d748a4-959c-4a7b-ab84-1cbe211c7949
599,Omega Fish Stick 599,Lambda Fish Stick 599,9f2a6b27-0a6f-496d-aa26-16ba1a1403eb
600,Omega Fish Stick 600,Lambda Fish Stick 600,b81b7feb-14c7-424e-b664-a39811948bf5
601,Omega Fish Stick 601,Lambda Fish Stick 601,235b1e87-e23a-4371-ac52-e6bb45e41a3e
602,Omega Fish Stick 602,Lambda Fish Stick 602,0ed75e97-dbc2-450d-a5cf-f8b0f782513d
603,Omega Fish Stick 603,Lambda Fish Stick 603,7c262375-9b9a-44d1-b202-5f154e3be3ad
604,Omega Fish Stick 604,Lambda Fish Stick 604,befb8b2f-f7f9-45b3-8f55-5414041fc8f1
605,Omega Fish Stick 605,Lambda Fish Stick 605,c6a70af2-c3ca-42a5-a884-85f58f9ffc91
606,Omega Fish Stick 606,Lambda Fish Stick 606,d5f32699-2a49-4a11-b108-e979e7937aa7
607,Omega Fish Stick 607,Lambda Fish Stick 607,30e19c9b-d373-4dc8-a2c3-8b7359d26de5
608,Omega Fish Stick 608,Lambda Fish Stick 608,48932fbb-5053-4772-bb94-d37981c55602
609,Omega Fish Stick 609,Lambda Fish Stick 609,7f9f0dee-f341-4c35-98d2-6453d051dff5
610,Omega Fish Stick 610,Lambda Fish Stick 610,4c84a07f-eb9e-47f9-ada2-24fc0ef8e7e2
611,Omega Fish Stick 611,Lambda Fish Stick 611,081b45f9-7f3b-430d-a898-19754ce34b65
612,Omega Fish Stick 612,Lambda Fish Stick 612,0dc2f39a-108f-42f1-a366-66bd749c04d8
613,Omega Fish Stick 613,Lambda Fish Stick 613,f53492c2-f9c7-47dc-8a1e-0cac3510d535
614,Omega Fish Stick 614,Lambda Fish Stick 614,74581981-17f3-408b-9432-08a137030571
615,Omega Fish Stick 615,Lambda Fish Stick 615,12fcb25a-d1dc-44e5-aebf-c8a7d9ade861
616,Omega Fish Stick 616,Lambda Fish Stick 616,c97213bd-1086-46a3-b6e8-5412ae46f56d
617,Omega Fish Stick 617,Lambda Fish Stick 617,f9501f9a-9122-498c-9985-de17ca14584a
618,Omega Fish Stick 618,Lambda Fish Stick 618,b776fd7e-0181-49b4-b83c-1f97432e968e
619,Omega Fish Stick 619,Lambda Fish Stick 619,ee89c624-836b-4d9e-8365-c61709aa1190
620,Omega Fish Stick 620,Lambda Fish Stick 620,1ecb63f6-5f1b-4783-a990-b927cc6d0232
621,Omega Fish Stick 621,Lambda Fish Stick 621,b3577501-7582-4b32-9e8a-bb0b0c9d3f4e
622,Omega Fish Stick 622,Lambda Fish Stick 622,8b094110-0901-411c-aebb-f46c282f38cc
623,Omega Fish Stick 623,Lambda Fish Stick 623,581c6dcc-7c5f-42f9-9f21-e71b41c997cf
624,Omega Fish Stick 624,Lambda Fish Stick 624,b724a099-28df-4d60-b680-5cf0a87f6f0c
625,Omega Fish Stick 625,Lambda Fish Stick 625,8490cb10-0041-4b07-aba1-942fc37cb3d6
626,Omega Fish Stick 626,Lambda Fish Stick 626,04255cc0-22db-4014-b4aa-14e3ecbce5f0
627,Omega Fish Stick 627,Lambda Fish Stick 627,d9654a19-b84d-44cc-9719-3c4291219760
628,Omega Fish Stick 628,Lambda Fish Stick 628,6fbbb439-194e-4d69-8380-a79437bb9dd2
629,Omega Fish Stick 629,Lambda Fish Stick 629,5e0b4347-e554-4458-89a7-a049beb2f5e7
630,Omega Fish Stick 630,Lambda Fish Stick 630,b2e95496-8b26-489a-aff1-268b84c6d3a6
631,Omega Fish Stick 631,Lambda Fish Stick 631,1ec91ad2-75b0-4106-950c-04bf29815921
632,Omega Fish Stick 632,Lambda Fish Stick 632,7c635700-541c-4b96-9ea1-e615bc5e5f54
633,Omega Fish Stick 633,Lambda Fish Stick 633,8d8d7d33-f4b1-4afa-bce2-dc3873304e10
634,Omega Fish Stick 634,Lambda Fish Stick 634,879e0ce7-9e85-465d-9bbf-cdeebae7df94
635,Omega Fish Stick 635,Lambda Fish Stick 635,f4a74c06-74a7-4c86-bc89-a498d660397a
636,Omega Fish Stick 636,Lambda Fish Stick 636,1cf46b8e-0352-4512-a07f-d5a27ada951e
637,Omega Fish Stick 637,Lambda Fish Stick 637,5186ac98-c759-4710-acde-d4b362f92117
638,Omega Fish Stick 638,Lambda Fish Stick 638,64b47c39-7393-467e-9888-691232a083c7
639,Omega Fish Stick 639,Lambda Fish Stick 639,870a21a3-2ee3-4692-8885-3e49e0a6044d
640,Omega Fish Stick 640,Lambda Fish Stick 640,c916281a-d669-41b1-8169-7c77dd704647
641,Omega Fish Stick 641,Lambda Fish Stick 641,199ca443-c214-4563-b998-7571baddda6d
642,Omega Fish Stick 642,Lambda Fish Stick 642,e3b29280-7e17-4928-bdd8-998220c390a4
643,Omega Fish Stick 643,Lambda Fish Stick 643,5d435a67-c8cf-4aa7-99ae-9da8217b4617
644,Omega Fish Stick 644,Lambda Fish Stick 644,2fea033b-e9e8-478d-9471-5bc5f9781be5
645,Omega Fish Stick 645,Lambda Fish Stick 645,e44009de-52f8-4e04-a7e1-59e0370930d2
646,Omega Fish Stick 646,Lambda Fish Stick 646,0cef2efb-65f8-4c1f-a839-a430adc1e60f
647,Omega Fish Stick 647,Lambda Fish Stick 647,0fb2bdfc-0520-4ab7-8a15-298427708156
648,Omega Fish Stick 648,Lambda Fish Stick 648,2af72f4f-e972-414b-a0ea-8e8c0c3a8644
649,Omega Fish Stick 649,Lambda Fish Stick 649,e1aafd99-bcc2-4e30-9ad6-5a504e6aaf81
650,Omega Fish Stick 650,Lambda Fish Stick 650,446af8c9-c14a-4086-ba98-eb49cd1fc17b
651,Omega Fish Stick 651,Lambda Fish Stick 651,e75adfa5-29d2-4c44-9263-534cf45a3a68
652,Omega Fish Stick 652,Lambda Fish Stick 652,9b2ca9bb-67fc-4f6b-9874-98bbfa46f60d
653,Omega Fish Stick 653,Lambda Fish Stick 653,d2fd7656-8dee-454b-bf42-0b27a91cdd54
654,Omega Fish Stick 654,Lambda Fish Stick 654,9e97a071-b9b8-47b6-a344-b3784489033e
655,Omega Fish Stick 655,Lambda Fish Stick 655,760bdb3f-7625-471b-b251-efffd0c8173b
656,Omega Fish Stick 656,Lambda Fish Stick 656,92e917a6-c6ca-40b5-aada-c6e281fc5502
657,Omega Fish Stick 657,Lambda Fish Stick 657,2906fb07-9f82-4d05-97ea-23ca33849e76
658,Omega Fish Stick 658,Lambda Fish Stick 658,4f69246a-1368-4e4f-a81a-8316611d301b
659,Omega Fish Stick 659,Lambda Fish Stick 659,46bd4b67-5c31-4959-93d9-145bc4473173
660,Omega Fish Stick 660,Lambda Fish Stick 660,aa04d11b-64fd-492b-823a-a3d9d2ce0cb5
661,Omega Fish Stick 661,Lambda Fish Stick 661,0bfa585e-2932-49bb-91b8-301598752c59
662,Omega Fish Stick 662,Lambda Fish Stick 662,3565f5ef-3623-4ad9-ac6c-675037de21dd
663,Omega Fish Stick 663,Lambda Fish Stick 663,b7904d51-3566-4140-ba37-a188eb222c64
664,Omega Fish Stick 664,Lambda Fish Stick 664,16c62518-572e-48eb-8090-07a048df57db
665,Omega Fish Stick 665,Lambda Fish Stick 665,326211c5-fc7a-4c04-a326-acb5a650bdf5
666,Omega Fish Stick 666,Lambda Fish Stick 666,b81007c2-5649-485d-843a-4a5e85349402
667,Omega Fish Stick 667,Lambda Fish Stick 667,a40c6ce4-7225-43dd-9289-55830ca4b90c
668,Omega Fish Stick 668,Lambda Fish Stick 668,2322ed82-6bc0-4eec-8900-d5c9d9f698e6
669,Omega Fish Stick 669,Lambda Fish Stick 669,5b8af284-15a3-4183-bf3a-2c5d5ac84bb6
670,Omega Fish Stick 670,Lambda Fish Stick 670,8637d644-3348-4367-891a-4665cd59ba11
671,Omega Fish Stick 671,Lambda Fish Stick 671,e998d19a-d4f9-4a02-bcd6-20ae879c4012
672,Omega Fish Stick 672,Lambda Fish Stick 672,cb48a150-03fb-48c9-a61c-0a57b1e721d0
673,Omega Fish Stick 673,Lambda Fish Stick 673,3e28c4f8-948e-40f5-8c65-9556755ae775
674,Omega Fish Stick 674,Lambda Fish Stick 674,ad9cc9c7-e77b-4643-bd80-85d758945d3b
675,Omega Fish Stick 675,Lambda Fish Stick 675,ff1b4ef4-a55b-4df0-8343-50cd23b7f3fd
676,Omega Fish Stick 676,Lambda Fish Stick 676,3c283cc7-58a8-475d-8c0b-1d39c86491fb
677,Omega Fish Stick 677,Lambda Fish Stick 677,ba808961-cfeb-4a35-92d9-7cdc102d459b
678,Omega Fish Stick 678,Lambda Fish Stick 678,f9eebc03-0a91-4824-bb4f-3e118e935793
679,Omega Fish Stick 679,Lambda Fish Stick 679,db2fe0bd-7747-44d2-9a5c-b61f125018dc
680,Omega Fish Stick 680,Lambda Fish Stick 680,be0da21d-1f86-4435-8b6e-163cbd30e41d
681,Omega Fish Stick 681,Lambda Fish Stick 681,483835f3-a8a2-498f-99a2-dba99ba8eac3
682,Omega Fish Stick 682,Lambda Fish Stick 682,991d5f1a-252b-42a4-b715-99a2bbff4181
683,Omega Fish Stick 683,Lambda Fish Stick 683,e59800f4-eec2-489a-a85a-b79d99ee9987
684,Omega Fish Stick 684,Lambda Fish Stick 684,d5be8bf9-1c21-400c-8924-3878df4f8150
685,Omega Fish Stick 685,Lambda Fish Stick 685,df71f716-9241-46b3-9133-c8952e6b4c81
686,Omega Fish Stick 686,Lambda Fish Stick 686,0b8bf07f-6290-4799-96a6-d71928279339
687,Omega Fish Stick 687,Lambda Fish Stick 687,9b5796b2-e748-46e6-9cff-6e9cf492b351
688,Omega Fish Stick 688,Lambda Fish Stick 688,fb3a6f8c-6c43-49ed-8ce6-1013d40af40a
689,Omega Fish Stick 689,Lambda Fish Stick 689,8deadd6f-3910-4076-9490-36bc7e0fce15
690,Omega Fish Stick 690,Lambda Fish Stick 690,cd372f90-a4f9-4f2d-a72e-6be563a14bd7
691,Omega Fish Stick 691,Lambda Fish Stick 691,45c145f5-b9eb-4edd-a67e-3276edc08937
692,Omega Fish Stick 692,Lambda Fish Stick 692,04c40393-b2fb-41a1-b519-220b7289e469
693,Omega Fish Stick 693,Lambda Fish Stick 693,02b9669e-7597-4f3a-b40f-9d53412793dd
694,Omega Fish Stick 694,Lambda Fish Stick 694,7feadf6e-df3a-498f-bd7a-0eade3edcd8c
695,Omega Fish Stick 695,Lambda Fish Stick 695,4e6074fb-1e65-4ac6-98e9-70cc217c471f
696,Omega Fish Stick 696,Lambda Fish Stick 696,75b2792c-23ca-46c6-b1ef-f237f68c10ae
697,Omega Fish Stick 697,Lambda Fish Stick 697,20e98306-0509-4f5c-8c47-fc80cd5bf837
698,Omega Fish Stick 698,Lambda Fish Stick 698,47ccc95f-5f9a-4ea5-9707-f2054b3432f5
699,Omega Fish Stick 699,Lambda Fish Stick 699,7a4359ba-c0bd-4f7f-8242-721c6f005833
700,Omega Fish Stick 700,Lambda Fish Stick 700,1b98e368-6c1f-4562-bb90-7b416dc8d8f4
701,Omega Fish Stick 701,Lambda Fish Stick 701,12f10a16-7557-4785-9ee5-89a1460a40a8
702,Omega Fish Stick 702,Lambda Fish Stick 702,4346eefd-52ed-40d2-8e30-06f5211aa4cb
703,Omega Fish Stick 703,Lambda Fish Stick 703,5a8c6c0f-ad75-403d-a7f5-0b212cce5fec
704,Omega Fish Stick 704,Lambda Fish Stick 704,3ba47659-c9c5-4c22-a44f-d395259ff8ed
705,Omega Fish Stick 705,Lambda Fish Stick 705,93da529d-0878-48c0-a56d-663352fc3d93
706,Omega Fish Stick 706,Lambda Fish Stick 706,58b5c334-ee0b-489b-90cb-130a04f5e95e
707,Omega Fish Stick 707,Lambda Fish Stick 707,999d4948-b614-4e8d-99ca-f00f9d4783d3
708,Omega Fish Stick 708,Lambda Fish Stick 708,0d6a3d1d-968c-4a84-8877-5f093c3947ea
709,Omega Fish Stick 709,Lambda Fish Stick 709,65df6ebe-e8ca-4cb4-b5d3-24cf2e56a36b
710,Omega Fish Stick 710,Lambda Fish Stick 710,3bb95386-de76-401c-b46c-06df6769d1bb
711,Omega Fish Stick 711,Lambda Fish Stick 711,42d0b4ca-0f5f-4516-8017-a06b230d35f2
712,Omega Fish Stick 712,Lambda Fish Stick 712,f605068a-2340-4de3-bd51-63e3d90ba1d2
713,Omega Fish Stick 713,Lambda Fish Stick 713,fb925c4a-3596-4213-98ff-10e4ae0c5c9a
714,Omega Fish Stick 714,Lambda Fish Stick 714,2d2670ac-6ffc-46a2-9a33-bc499a648ee3
715,Omega Fish Stick 715,Lambda Fish Stick 715,2c860cd9-e854-4e50-9014-1148992f532a
716,Omega Fish Stick 716,Lambda Fish Stick 716,fc4ba5da-efcc-4f69-92d2-6152c1ea006d
717,Omega Fish Stick 717,Lambda Fish Stick 717,7f41ba93-1efb-4219-b950-86f6670c822f
718,Omega Fish Stick 718,Lambda Fish Stick 718,681e2412-a496-4ffa-8c14-3170d0368846
719,Omega Fish Stick 719,Lambda Fish Stick 719,e5c7e756-6809-4cff-ab81-29cd1e5ca460
720,Omega Fish Stick 720,Lambda Fish Stick 720,095e51df-5482-4fbd-a16a-b560b8cb53b9
721,Omega Fish Stick 721,Lambda Fish Stick 721,2b5d8291-9cb5-41c4-9d78-b5298d325aca
722,Omega Fish Stick 722,Lambda Fish Stick 722,b90bbcb0-d8df-4ffd-90c5-cad7af734646
723,Omega Fish Stick 723,Lambda Fish Stick 723,d10efdda-fcb8-49e4-9a97-04d818d93f1b
724,Omega Fish Stick 724,Lambda Fish Stick 724,461095d9-1302-4a10-b113-f0de4e59d9ee
725,Omega Fish Stick 725,Lambda Fish Stick 725,89a39cb6-ad87-4df3-8925-8e14af033ba3
726,Omega Fish Stick 726,Lambda Fish Stick 726,3bfe513d-08f6-4df8-b76f-9cbd0d9fff1c
727,Omega Fish Stick 727,Lambda Fish Stick 727,3684a3de-d8d3-43a0-ae5c-4b9d2dbb9a57
728,Omega Fish Stick 728,Lambda Fish Stick 728,08d734b3-2d09-4a87-b4e9-5388818f0494
729,Omega Fish Stick 729,Lambda Fish Stick 729,67209ff4-9ff8-47c3-8ad7-3fe8d762d34d
730,Omega Fish Stick 730,Lambda Fish Stick 730,7eff83d7-1cd1-42f8-928e-1ad56f9432ac
731,Omega Fish Stick 731,Lambda Fish Stick 731,a5184291-37aa-493b-825d-28530ac91074
732,Omega Fish Stick 732,Lambda Fish Stick 732,2e5e75a0-04e3-49f5-9fbf-5940276c1396
733,Omega Fish Stick 733,Lambda Fish Stick 733,6e439e89-61ef-4c6f-87f5-06841019956c
734,Omega Fish Stick 734,Lambda Fish Stick 734,4a1ee930-f6cb-4dc7-b247-2cd4cec5c7e6
735,Omega Fish Stick 735,Lambda Fish Stick 735,a7a69ec7-2abc-41bb-9a31-964bec5991df
736,Omega Fish Stick 736,Lambda Fish Stick 736,a04d4c90-b8db-4432-bb99-e0e7400e74f0
737,Omega Fish Stick 737,Lambda Fish Stick 737,67a14de3-a3cf-4591-9eb6-c51c24a484a8
738,Omega Fish Stick 738,Lambda Fish Stick 738,17d76812-a967-431c-9574-b1da19c9291a
739,Omega Fish Stick 739,Lambda Fish Stick 739,2955703d-ba36-415b-b665-591c82e207bc
740,Omega Fish Stick 740,Lambda Fish Stick 740,c7b747a2-f2f3-4d33-90d1-4d9015325a07
741,Omega Fish Stick 741,Lambda Fish Stick 741,d7cb7def-eb8d-420f-98e1-ce55ab3ce5f2
742,Omega Fish Stick 742,Lambda Fish Stick 742,90d2c232-092e-4a3c-84c3-f795a9c66616
743,Omega Fish Stick 743,Lambda Fish Stick 743,b24e444d-c668-4a3e-95b2-63afa3731a7f
744,Omega Fish Stick 744,Lambda Fish Stick 744,eee14146-790b-4065-9910-939b580d991c
745,Omega Fish Stick 745,Lambda Fish Stick 745,018e4020-bf24-41b8-8599-2c53354a51b3
746,Omega Fish Stick 746,Lambda Fish Stick 746,190192c9-52c6-4d6e-98a0-6ebdc92a1d33
747,Omega Fish Stick 747,Lambda Fish Stick 747,3a599663-df2c-4e3e-93f1-11ff7e0422e3
748,Omega Fish Stick 748,Lambda Fish Stick 748,83cab846-c776-4620-b780-14ece7d2654d
749,Omega Fish Stick 749,Lambda Fish Stick 749,2cbec896-c699-4c49-82a5-692bdcddfbba
750,Omega Fish Stick 750,Lambda Fish Stick 750,fe854b55-0679-49a3-8f50-5b3ab5c23819
751,Omega Fish Stick 751,Lambda Fish Stick 751,730bb9d5-2092-4372-96a0-3ee051cc96f1
752,Omega Fish Stick 752,Lambda Fish Stick 752,9f433a05-27ac-416b-8b49-5a550e259d97
753,Omega Fish Stick 753,Lambda Fish Stick 753,6f337648-a2b3-40bb-b489-3b2cb1feca08
754,Omega Fish Stick 754,Lambda Fish Stick 754,88b70111-3ad9-4743-bdf7-1cb508d2f586
755,Omega Fish Stick 755,Lambda Fish Stick 755,05293c92-9aa3-4a33-94c1-fa5ac92ab7c1
756,Omega Fish Stick 756,Lambda Fish Stick 756,053a8cdd-1461-48c7-a974-4ba56f0b4162
757,Omega Fish Stick 757,Lambda Fish Stick 757,3cbaf78c-0edd-4623-9ec2-9a8a7c550035
758,Omega Fish Stick 758,Lambda Fish Stick 758,99111117-e47f-4714-8a04-c0e81ed41822
759,Omega Fish Stick 759,Lambda Fish Stick 759,e1aa8dd0-0968-4835-b94e-d3653a1e5cc5
760,Omega Fish Stick 760,Lambda Fish Stick 760,0835bb9b-06b0-4503-a441-03a4958f9a6d
761,Omega Fish Stick 761,Lambda Fish Stick 761,74cecf0c-0e02-4391-940b-70a753583ad3
762,Omega Fish Stick 762,Lambda Fish Stick 762,fe3a4287-897e-41d9-ad5f-7fe2f767057d
763,Omega Fish Stick 763,Lambda Fish Stick 763,445e8808-8218-469d-b62b-f754b2aa74aa
764,Omega Fish Stick 764,Lambda Fish Stick 764,3ca000ee-584f-457b-a372-c2aa0050d315
765,Omega Fish Stick 765,Lambda Fish Stick 765,bc12691a-e13b-4313-aaa0-87affca68b03
766,Omega Fish Stick 766,Lambda Fish Stick 766,31a913f1-4191-455d-829a-99cb56b958e4
767,Omega Fish Stick 767,Lambda Fish Stick 767,938e8db4-9dcb-4b89-94bf-03139476d107
768,Omega Fish Stick 768,Lambda Fish Stick 768,bb5585ea-d709-4a47-9f92-2d06a0e99b64
769,Omega Fish Stick 769,Lambda Fish Stick 769,d465c21e-4a58-4d8d-9d79-790b66f1e8c1
770,Omega Fish Stick 770,Lambda Fish Stick 770,b2cf86fa-a206-40c1-b924-060a47bc0b52
771,Omega Fish Stick 771,Lambda Fish Stick 771,42b7708f-467c-41c7-b952-8f70dab7f166
772,Omega Fish Stick 772,Lambda Fish Stick 772,65a43dfb-45e9-4f7b-ac03-6fd4743ed440
773,Omega Fish Stick 773,Lambda Fish Stick 773,e65fd38e-9875-4bd3-9845-6e6a68e12232
774,Omega Fish Stick 774,Lambda Fish Stick 774,4b73ddb3-fa42-4920-b7b8-2dfde0e4eb4c
775,Omega Fish Stick 775,Lambda Fish Stick 775,2518a75f-a6fa-4d30-8121-9336797c1cf1
776,Omega Fish Stick 776,Lambda Fish Stick 776,7e51de35-caf6-4fa6-9137-10086eecfee5
777,Omega Fish Stick 777,Lambda Fish Stick 777,d36966ea-5aed-4725-a111-5c25a2325bc9
778,Omega Fish Stick 778,Lambda Fish Stick 778,7b4d53c8-0644-46c1-b5eb-20c3660dd6d8
779,Omega Fish Stick 779,Lambda Fish Stick 779,a04901ea-d446-4569-8568-5d56b2c10ddf
780,Omega Fish Stick 780,Lambda Fish Stick 780,bb1e57ad-6e80-45c7-810a-d318bc64985e
781,Omega Fish Stick 781,Lambda Fish Stick 781,d3beec3d-56f9-4af6-afad-22efb4ef20c3
782,Omega Fish Stick 782,Lambda Fish Stick 782,106623e3-aaf4-4fc2-90db-9874a97ec218
783,Omega Fish Stick 783,Lambda Fish Stick 783,1ed7e448-64e0-4527-85b2-5ba536a0f1e6
784,Omega Fish Stick 784,Lambda Fish Stick 784,0ec0cbb0-a25a-4b64-b2cb-c9237195063e
785,Omega Fish Stick 785,Lambda Fish Stick 785,b7405b37-d18a-4f90-8428-1837f57b19d3
786,Omega Fish Stick 786,Lambda Fish Stick 786,52c2c120-377e-4e90-ac97-d0252b8cdf10
787,Omega Fish Stick 787,Lambda Fish Stick 787,1f4e9f98-2c78-48d0-8e71-a2d02d71ef11
788,Omega Fish Stick 788,Lambda Fish Stick 788,389d24d0-2871-4d06-94be-fa0e0e01e357
789,Omega Fish Stick 789,Lambda Fish Stick 789,47d020cc-a2bb-4db7-92c4-4d92394ae67b
790,Omega Fish Stick 790,Lambda Fish Stick 790,bca3e7ee-e436-421d-a742-28215b67db41
791,Omega Fish Stick 791,Lambda Fish Stick 791,52b5ddb9-4207-40eb-be91-90b5b3b5b5b7
792,Omega Fish Stick 792,Lambda Fish Stick 792,b9cfaa73-08cd-4da5-8954-fa1b87a763a3
793,Omega Fish Stick 793,Lambda Fish Stick 793,4f78c241-7c74-4c9d-bf01-6c79c22a729d
794,Omega Fish Stick 794,Lambda Fish Stick 794,60ef9870-8da7-4b49-86a1-6a6333001433
795,Omega Fish Stick 795,Lambda Fish Stick 795,dd8c76fa-1fce-4d99-a27d-3dc0ff4552db
796,Omega Fish Stick 796,Lambda Fish Stick 796,79b9c644-ba05-43d4-b576-4bc6c36c3396
797,Omega Fish Stick 797,Lambda Fish Stick 797,e41adcf8-2305-4e0a-8780-8c39a41ed03d
798,Omega Fish Stick 798,Lambda Fish Stick 798,e161cd09-3f15-4144-99e4-a47153e62325
799,Omega Fish Stick 799,Lambda Fish Stick 799,1937422d-5410-4ec6-9b44-f2cfc60f338a
800,Omega Fish Stick 800,Lambda Fish Stick 800,10269850-a33f-4bbd-a4e9-e3b52736b740
801,Omega Fish Stick 801,Lambda Fish Stick 801,b96eccb5-6953-4743-afa5-dce97df5b404
802,Omega Fish Stick 802,Lambda Fish Stick 802,679808b0-d991-45fa-a9c8-53e1f708863a
803,Omega Fish Stick 803,Lambda Fish Stick 803,58098318-bc0b-4cc4-ba33-956fc9c2cd13
804,Omega Fish Stick 804,Lambda Fish Stick 804,1ad4e6b7-0b0a-4fd7-bc78-c5eea7718aad
805,Omega Fish Stick 805,Lambda Fish Stick 805,448154ad-44f5-4d94-956e-24f2c7dec3be
806,Omega Fish Stick 806,Lambda Fish Stick 806,edfbeab1-bc99-444f-929f-fdf4286c1635
807,Omega Fish Stick 807,Lambda Fish Stick 807,318b7d79-2eeb-4d3c-9ef1-ba63b08f88ee
808,Omega Fish Stick 808,Lambda Fish Stick 808,912a9644-e21a-4857-8edb-89b0e9be43fa
809,Omega Fish Stick 809,Lambda Fish Stick 809,fe3dad09-cab1-4d3b-acdd-c783930b886a
810,Omega Fish Stick 810,Lambda Fish Stick 810,81999b5a-d17e-4277-a78c-45bb4342c199
811,Omega Fish Stick 811,Lambda Fish Stick 811,b4a93ae3-6682-42a6-88e9-5edf55f85a5f
812,Omega Fish Stick 812,Lambda Fish Stick 812,c061d25d-c8d7-4e76-879a-56f0c4161f6c
813,Omega Fish Stick 813,Lambda Fish Stick 813,5879ecf0-299b-40dc-b094-e55c0c6cb718
814,Omega Fish Stick 814,Lambda Fish Stick 814,f9822ba4-effd-4c9a-8dfa-a1ef1c7ede7d
815,Omega Fish Stick 815,Lambda Fish Stick 815,b41cdb52-861d-4ab8-b54d-b973c8d76da6
816,Omega Fish Stick 816,Lambda Fish Stick 816,c8b6c759-3b07-48a2-af3d-3ec78f21dcd9
817,Omega Fish Stick 817,Lambda Fish Stick 817,bec615d0-2a8e-4060-bba3-6f6a4a4f2a71
818,Omega Fish Stick 818,Lambda Fish Stick 818,400d9d41-0863-4255-ab09-0d1c97916ddc
819,Omega Fish Stick 819,Lambda Fish Stick 819,e068315f-48d7-46cd-9f9a-7b1943612b77
820,Omega Fish Stick 820,Lambda Fish Stick 820,dc5663b5-2b42-40c9-bd75-129ebbfd2a6b
821,Omega Fish Stick 821,Lambda Fish Stick 821,85e29f67-3dee-4a88-8039-7e03b45ca70b
822,Omega Fish Stick 822,Lambda Fish Stick 822,777a4201-88f3-4401-a332-fa36a4dd5c89
823,Omega Fish Stick 823,Lambda Fish Stick 823,1c329b9a-4d71-45ad-841c-398ed7802d2d
824,Omega Fish Stick 824,Lambda Fish Stick 824,12b2f5b6-e1db-4c55-94dd-34fc3ca513d4
825,Omega Fish Stick 825,Lambda Fish Stick 825,18dcb3df-10ab-49a9-b4c6-ab0b55169062
826,Omega Fish Stick 826,Lambda Fish Stick 826,0abc23c8-0152-4eb6-9827-03e16fda1110
827,Omega Fish Stick 827,Lambda Fish Stick 827,1b439768-8e9d-49eb-ab37-954110dddfbf
828,Omega Fish Stick 828,Lambda Fish Stick 828,9ca82d6b-6771-4cfb-b8ca-ee6ab78b4c3a
829,Omega Fish Stick 829,Lambda Fish Stick 829,8155e89b-680b-47bb-aea5-0657c3886e11
830,Omega Fish Stick 830,Lambda Fish Stick 830,bb692a10-36c2-4940-964e-1edb6da6f7dd
831,Omega Fish Stick 831,Lambda Fish Stick 831,1e274bc9-4a4d-47cc-8cc9-a6e6ed55c659
832,Omega Fish Stick 832,Lambda Fish Stick 832,e1a1f7f3-0ba9-49ac-9ace-d0f483a4bf05
833,Omega Fish Stick 833,Lambda Fish Stick 833,bfefaf99-e348-4a8f-9321-b12884fad6f3
834,Omega Fish Stick 834,Lambda Fish Stick 834,f0940f02-7acc-4392-9f1a-2d68284e721b
835,Omega Fish Stick 835,Lambda Fish Stick 835,2e0942bd-953d-4842-8b8c-82c923724960
836,Omega Fish Stick 836,Lambda Fish Stick 836,283e739b-7226-4dc3-8aeb-cdb7cc5b1c2a
837,Omega Fish Stick 837,Lambda Fish Stick 837,824fc4ee-3553-4072-b577-f06ce8e39a4b
838,Omega Fish Stick 838,Lambda Fish Stick 838,d91d3b9c-25cc-4896-a6ab-e02dbceef40d
839,Omega Fish Stick 839,Lambda Fish Stick 839,4f7f9910-cc15-400b-aa17-9c96bc8e698c
840,Omega Fish Stick 840,Lambda Fish Stick 840,0b2d7e3f-3af0-4492-878c-b481b3da42c5
841,Omega Fish Stick 841,Lambda Fish Stick 841,f8cfc334-6ad1-4093-a145-5074ce697664
842,Omega Fish Stick 842,Lambda Fish Stick 842,cdd12ccc-1bb3-4a32-bf31-bfeb94604db4
843,Omega Fish Stick 843,Lambda Fish Stick 843,1d45305c-8f78-45fc-bdbf-b2532fb8590e
844,Omega Fish Stick 844,Lambda Fish Stick 844,299c0bca-5691-4ba4-be44-91a206c26c57
845,Omega Fish Stick 845,Lambda Fish Stick 845,ef119ad8-c531-4775-8400-af326a714e1e
846,Omega Fish Stick 846,Lambda Fish Stick 846,bec9307f-1e23-4567-82ae-0a988086f918
847,Omega Fish Stick 847,Lambda Fish Stick 847,5fd23f4b-cbbe-46be-b626-ddd888c55b17
848,Omega Fish Stick 848,Lambda Fish Stick 848,7e70a128-0419-43f1-9704-3e3855b16b81
849,Omega Fish Stick 849,Lambda Fish Stick 849,36a943b0-bc1f-46c3-af3d-38f3572108e6
850,Omega Fish Stick 850,Lambda Fish Stick 850,ca4eaf63-c602-4844-86d8-c0161c69a503
851,Omega Fish Stick 851,Lambda Fish Stick 851,4e6bbe4e-51e8-4bdc-887e-f9a8544dd022
852,Omega Fish Stick 852,Lambda Fish Stick 852,181287bc-db70-4ad5-94d2-05a46dd35fc0
853,Omega Fish Stick 853,Lambda Fish Stick 853,d7789951-1741-4058-8d35-b88e64de1bf4
854,Omega Fish Stick 854,Lambda Fish Stick 854,031ee504-dc1a-49b9-bf38-c963448aa603
855,Omega Fish Stick 855,Lambda Fish Stick 855,62628c0f-59df-4161-ac55-4789c725f568
856,Omega Fish Stick 856,Lambda Fish Stick 856,eb1cdf98-6726-40ac-8658-1b3c0a64c6a8
857,Omega Fish Stick 857,Lambda Fish Stick 857,a944e1c3-815c-4811-8b6e-e5c4520bfda8
858,Omega Fish Stick 858,Lambda Fish Stick 858,df3ed974-59ca-4851-a3b4-db91d3911b97
859,Omega Fish Stick 859,Lambda Fish Stick 859,394006a5-5133-47b2-ab68-82a1cec2c6b3
860,Omega Fish Stick 860,Lambda Fish Stick 860,8da39556-1bf4-4854-813b-e39389c1e47e
861,Omega Fish Stick 861,Lambda Fish Stick 861,991389d8-c15f-4380-af87-6c5fdbe5f07d
862,Omega Fish Stick 862,Lambda Fish Stick 862,8d2c2f45-8c4e-461d-96ba-270fbdd2df35
863,Omega Fish Stick 863,Lambda Fish Stick 863,9fccde68-2535-412d-b74d-673373a71fa0
864,Omega Fish Stick 864,Lambda Fish Stick 864,8c3185c1-a593-4670-9a2f-04d201761ebd
865,Omega Fish Stick 865,Lambda Fish Stick 865,903b130d-1f05-4dbd-afed-73a327cd9566
866,Omega Fish Stick 866,Lambda Fish Stick 866,746b27b9-575a-4c14-9c01-b19af7722a15
867,Omega Fish Stick 867,Lambda Fish Stick 867,557d5b1e-c332-435a-90d0-591d8a919b93
868,Omega Fish Stick 868,Lambda Fish Stick 868,beec444d-c4ee-4447-9e39-ead06e3d6eeb
869,Omega Fish Stick 869,Lambda Fish Stick 869,8d929a64-b6fa-40d7-97a8-811267cd6cc1
870,Omega Fish Stick 870,Lambda Fish Stick 870,a16fccfb-6254-4b36-a449-7d97eb3ed7c0
871,Omega Fish Stick 871,Lambda Fish Stick 871,891e1971-0049-4132-ba2e-b0b0e8735cee
872,Omega Fish Stick 872,Lambda Fish Stick 872,5b68e31d-a95c-4153-bed5-9ed31c823c23
873,Omega Fish Stick 873,Lambda Fish Stick 873,cbf3d7a4-066d-44e9-b112-3b0f9a650be4
874,Omega Fish Stick 874,Lambda Fish Stick 874,c2cc2f5d-3898-4e56-9725-65d4bb391b2d
875,Omega Fish Stick 875,Lambda Fish Stick 875,faf91eec-45c8-4451-8db4-65c14404f667
876,Omega Fish Stick 876,Lambda Fish Stick 876,289d1cdd-2d7f-4ca1-abbf-3be79654a35f
877,Omega Fish Stick 877,Lambda Fish Stick 877,1e808c9c-91ec-4027-806c-9244eac7a340
878,Omega Fish Stick 878,Lambda Fish Stick 878,e925716f-8190-420c-870d-7a0bfdf503c4
879,Omega Fish Stick 879,Lambda Fish Stick 879,bd82b06c-44d8-4eaf-b714-614612d218fc
880,Omega Fish Stick 880,Lambda Fish Stick 880,60151699-940d-4505-83c6-aa91d564a417
881,Omega Fish Stick 881,Lambda Fish Stick 881,bdaafb71-15a4-4bcd-9854-4ef2bb5d605c
882,Omega Fish Stick 882,Lambda Fish Stick 882,7e9e8fff-8368-4b19-8493-47cd602e7d3d
883,Omega Fish Stick 883,Lambda Fish Stick 883,6fa9ea57-337e-4d5b-b647-6e298ed41766
884,Omega Fish Stick 884,Lambda Fish Stick 884,c48fda57-7f6b-46fa-842d-69596abc697d
885,Omega Fish Stick 885,Lambda Fish Stick 885,19801f4f-7b8a-4205-85db-7013d71357b4
886,Omega Fish Stick 886,Lambda Fish Stick 886,0bbe8c5e-1e81-4f02-9f6f-783dcbf9d3ed
887,Omega Fish Stick 887,Lambda Fish Stick 887,254a90c7-c8e1-4c6e-94f9-3a488d6a8d4d
888,Omega Fish Stick 888,Lambda Fish Stick 888,c6c86bf2-8d05-41cf-a52b-360046241ee4
889,Omega Fish Stick 889,Lambda Fish Stick 889,8e2f6869-2915-4845-8deb-3302d5fe89d8
890,Omega Fish Stick 890,Lambda Fish Stick 890,6c18e776-8dc2-443e-b577-69d47606872f
891,Omega Fish Stick 891,Lambda Fish Stick 891,dd9ac22a-2f1b-4006-931a-3e2ef71677a6
892,Omega Fish Stick 892,Lambda Fish Stick 892,6c6f7adc-a070-44f5-84c1-54721c96e673
893,Omega Fish Stick 893,Lambda Fish Stick 893,91e236b1-d708-4f97-ab19-1c347f057bf4
894,Omega Fish Stick 894,Lambda Fish Stick 894,ebdf3ad3-0aa6-4210-91b2-9997aba3a18c
895,Omega Fish Stick 895,Lambda Fish Stick 895,5d3978db-b076-4363-811d-e64674615aba
896,Omega Fish Stick 896,Lambda Fish Stick 896,f7d62dd2-bbf9-41aa-99fb-149b7e89ebe6
897,Omega Fish Stick 897,Lambda Fish Stick 897,b28ede77-6618-4dba-8e9f-b35c1e25eaf7
898,Omega Fish Stick 898,Lambda Fish Stick 898,4c150df8-6464-405c-8d77-14060e6e55b4
899,Omega Fish Stick 899,Lambda Fish Stick 899,fae7607d-1ec7-4b3e-9a74-bda4d0dec2bf
900,Omega Fish Stick 900,Lambda Fish Stick 900,a76fda23-1b10-4820-a01d-00c6cb861cf6
901,Omega Fish Stick 901,Lambda Fish Stick 901,fc44f938-ac00-4f45-91a9-200550a13976
902,Omega Fish Stick 902,Lambda Fish Stick 902,ac4ba324-5027-464a-89cc-4482067dc393
903,Omega Fish Stick 903,Lambda Fish Stick 903,01410828-c3eb-4ac2-ac47-0158e0240260
904,Omega Fish Stick 904,Lambda Fish Stick 904,03a355e0-b59d-4273-a230-bdb1a4e5d7c2
905,Omega Fish Stick 905,Lambda Fish Stick 905,b79e68cb-1821-4c2e-983f-4ed11a54e197
906,Omega Fish Stick 906,Lambda Fish Stick 906,4e411942-1859-44f0-a1cc-63084241156a
907,Omega Fish Stick 907,Lambda Fish Stick 907,3d9256b6-478f-45d4-beb2-f2a2cd881f28
908,Omega Fish Stick 908,Lambda Fish Stick 908,2e3193d3-44a7-4e8f-81ec-b7a2371a4f83
909,Omega Fish Stick 909,Lambda Fish Stick 909,5f2ae364-8f3b-4fd3-94d0-48c43656368e
910,Omega Fish Stick 910,Lambda Fish Stick 910,e05f0f06-6898-4ad7-a508-52684a49f873
911,Omega Fish Stick 911,Lambda Fish Stick 911,77aa3312-0913-494c-880d-d3b9701ac5e1
912,Omega Fish Stick 912,Lambda Fish Stick 912,3d2406cb-ae00-42d0-af56-3f62c95c6aee
913,Omega Fish Stick 913,Lambda Fish Stick 913,25c814ef-b172-4441-a1cc-1ebe914f8948
914,Omega Fish Stick 914,Lambda Fish Stick 914,2e747c46-ef3d-4779-ba6a-2fac53c56276
915,Omega Fish Stick 915,Lambda Fish Stick 915,0149d147-7c0a-40e5-a23f-059ca89c96b0
916,Omega Fish Stick 916,Lambda Fish Stick 916,288b91aa-2118-4eb4-9253-cee711aedbe2
917,Omega Fish Stick 917,Lambda Fish Stick 917,0d102d46-d118-49f7-8e1e-66dff13bacae
918,Omega Fish Stick 918,Lambda Fish Stick 918,6a47fa95-32ed-4a7a-a5c9-51cee07fd410
919,Omega Fish Stick 919,Lambda Fish Stick 919,e552bf2e-48f1-43ba-b66f-d38cd3a8e55e
920,Omega Fish Stick 920,Lambda Fish Stick 920,da5e6138-9369-4d6c-8e5f-f859d69822f1
921,Omega Fish Stick 921,Lambda Fish Stick 921,901a556d-339d-456a-95cc-4610ea6530d8
922,Omega Fish Stick 922,Lambda Fish Stick 922,c4b239c4-2fce-4955-86a0-4713ab29a0be
923,Omega Fish Stick 923,Lambda Fish Stick 923,e833cb0b-d186-4bf7-988f-2b3fc48deb04
924,Omega Fish Stick 924,Lambda Fish Stick 924,be9cbe99-25ca-474f-a49a-bd34305afc48
925,Omega Fish Stick 925,Lambda Fish Stick 925,eb81bc00-50f5-4eea-847c-26c5d0f5b30f
926,Omega Fish Stick 926,Lambda Fish Stick 926,2a39e3e0-74aa-424f-9d0a-94dba411b9f1
927,Omega Fish Stick 927,Lambda Fish Stick 927,1990b3cd-01a6-4363-a7be-89fbcfb1a41c
928,Omega Fish Stick 928,Lambda Fish Stick 928,0e9fc6bc-00b7-4d16-90d2-465486bf9c38
929,Omega Fish Stick 929,Lambda Fish Stick 929,c3300c64-018c-4e1a-a981-6598cd416597
930,Omega Fish Stick 930,Lambda Fish Stick 930,0f082861-f564-4479-bb0e-312375b35624
931,Omega Fish Stick 931,Lambda Fish Stick 931,350d4a5e-b3dc-4ddb-9146-4c64354e293f
932,Omega Fish Stick 932,Lambda Fish Stick 932,68660c7e-f3ab-438b-8368-1e2cee719d9c
933,Omega Fish Stick 933,Lambda Fish Stick 933,499d0eb2-a304-4a4d-8366-d9fe64eb60b5
934,Omega Fish Stick 934,Lambda Fish Stick 934,bdeddeb2-7c65-4d4e-8d43-a41a5260c1ea
935,Omega Fish Stick 935,Lambda Fish Stick 935,7217d412-a156-415d-80ba-d18c5a33395f
936,Omega Fish Stick 936,Lambda Fish Stick 936,fd1f8bea-62ff-4d43-b430-92f175d9499f
937,Omega Fish Stick 937,Lambda Fish Stick 937,9f3dcc72-07b9-4c5f-b6a3-586c54a884b2
938,Omega Fish Stick 938,Lambda Fish Stick 938,958ba8bd-6085-45c0-973c-88861dc9d2dc
939,Omega Fish Stick 939,Lambda Fish Stick 939,7b027ea2-d898-4337-898b-92fae1e07773
940,Omega Fish Stick 940,Lambda Fish Stick 940,8c7d54c4-1725-4ffe-b519-f88199fb0e9a
941,Omega Fish Stick 941,Lambda Fish Stick 941,6ba9188f-ce76-4759-b838-9a1e4c92044e
942,Omega Fish Stick 942,Lambda Fish Stick 942,2151f300-3450-45b0-9c75-b63d8ef21b5c
943,Omega Fish Stick 943,Lambda Fish Stick 943,e1f73716-5d81-4e1a-85fc-812cd80a58ae
944,Omega Fish Stick 944,Lambda Fish Stick 944,be294205-d28d-4115-856a-a630904d31bc
945,Omega Fish Stick 945,Lambda Fish Stick 945,45fce999-029c-489f-a9da-7ffd9de3c9bf
946,Omega Fish Stick 946,Lambda Fish Stick 946,fbde5bc8-ed82-473d-8ec6-64a1b3225ed7
947,Omega Fish Stick 947,Lambda Fish Stick 947,4cf131cf-5837-4c67-80c4-f8243a964864
948,Omega Fish Stick 948,Lambda Fish Stick 948,814e72c2-a445-4688-9a14-60e6af7874fc
949,Omega Fish Stick 949,Lambda Fish Stick 949,5b744bf0-9726-4f2a-93f0-255dd8daa1ca
950,Omega Fish Stick 950,Lambda Fish Stick 950,13a0b99a-acd0-4e24-bae7-019bb7896dd5
951,Omega Fish Stick 951,Lambda Fish Stick 951,53c13d80-c8bc-42a2-a262-fc7ee9ed7127
952,Omega Fish Stick 952,Lambda Fish Stick 952,e870b290-10c9-437c-9dc2-10aee4369d26
953,Omega Fish Stick 953,Lambda Fish Stick 953,0d2aa7b6-9f38-464c-9ac6-5cf9c79f4458
954,Omega Fish Stick 954,Lambda Fish Stick 954,b78274b9-0797-41fc-bb48-784a92cb6917
955,Omega Fish Stick 955,Lambda Fish Stick 955,6450204c-bb21-46a0-a2f9-d6c8cce8af74
956,Omega Fish Stick 956,Lambda Fish Stick 956,5c4127a6-f7e3-4c0a-bdff-eab0f200ed70
957,Omega Fish Stick 957,Lambda Fish Stick 957,a9bff93d-85fb-48e9-b8f9-a117754506b4
958,Omega Fish Stick 958,Lambda Fish Stick 958,3d79f819-11ae-4f06-8cac-43699cd64302
959,Omega Fish Stick 959,Lambda Fish Stick 959,dd890a20-940d-4544-9540-f7ae876c2340
960,Omega Fish Stick 960,Lambda Fish Stick 960,db91c8d0-cb6e-4fb0-8fe4-70484c7a44f0
961,Omega Fish Stick 961,Lambda Fish Stick 961,5b946074-6ed4-4aa6-83f4-9e7a7b44bd68
962,Omega Fish Stick 962,Lambda Fish Stick 962,6ea47acb-b6d7-4e1f-8e08-1132fe95b811
963,Omega Fish Stick 963,Lambda Fish Stick 963,812d8d78-14e4-4eff-a202-9b21567c1fb8
964,Omega Fish Stick 964,Lambda Fish Stick 964,e1ff3e57-ed82-466a-8df8-ed8d9b571b00
965,Omega Fish Stick 965,Lambda Fish Stick 965,9656fcb8-4591-436b-a2fc-10945a5d9f91
966,Omega Fish Stick 966,Lambda Fish Stick 966,25665115-6241-450b-a4ce-dceaa4c03890
967,Omega Fish Stick 967,Lambda Fish Stick 967,23f8f70e-9454-4b8c-b19e-2134001acb0e
968,Omega Fish Stick 968,Lambda Fish Stick 968,c6e7b706-d256-4923-b7b9-ff44153b7337
969,Omega Fish Stick 969,Lambda Fish Stick 969,f13d2153-7cf2-4156-99c3-35c5c6d35ef3
970,Omega Fish Stick 970,Lambda Fish Stick 970,0df0fa00-21ad-4c2d-a06a-c3053189ffa4
971,Omega Fish Stick 971,Lambda Fish Stick 971,7f5edc30-b35b-4c61-b70d-8b513d774311
972,Omega Fish Stick 972,Lambda Fish Stick 972,775dab97-e7d3-4a4e-b3c7-01f05936d69d
973,Omega Fish Stick 973,Lambda Fish Stick 973,fe52959a-1f29-451c-88d8-b068fc7683ae
974,Omega Fish Stick 974,Lambda Fish Stick 974,6050e226-23a2-4028-b8c3-415f600efd62
975,Omega Fish Stick 975,Lambda Fish Stick 975,76317800-8cf4-4418-bb28-4b65bdc99513
976,Omega Fish Stick 976,Lambda Fish Stick 976,b4c6c548-1b07-4937-811b-a44ef7feafdd
977,Omega Fish Stick 977,Lambda Fish Stick 977,7a306a95-f022-4693-80e5-6def7a5683e6
978,Omega Fish Stick 978,Lambda Fish Stick 978,c924fd9a-0813-4540-848c-a9c3af18ecd6
979,Omega Fish Stick 979,Lambda Fish Stick 979,09857545-d97f-43a0-95ef-70a411a82ff4
980,Omega Fish Stick 980,Lambda Fish Stick 980,853238e7-5eec-4c88-af84-e44e86a9b3a4
981,Omega Fish Stick 981,Lambda Fish Stick 981,6d023831-0c01-4cc6-a848-5166fa45b1b7
982,Omega Fish Stick 982,Lambda Fish Stick 982,4a611191-9914-4cda-be97-fccba57e71f8
983,Omega Fish Stick 983,Lambda Fish Stick 983,8d0278a1-2223-4288-a695-c67bbe8c9431
984,Omega Fish Stick 984,Lambda Fish Stick 984,4e8b624d-4a5f-428d-88ad-d730c6135c18
985,Omega Fish Stick 985,Lambda Fish Stick 985,6493bae3-a56b-46d3-a8e5-7395df304d53
986,Omega Fish Stick 986,Lambda Fish Stick 986,7eae622b-5e5e-45bc-889e-19cd0c0c1a46
987,Omega Fish Stick 987,Lambda Fish Stick 987,d0a39771-631f-4648-98d0-92dbd7c9d26b
988,Omega Fish Stick 988,Lambda Fish Stick 988,a6ea7878-8d11-4f91-afa1-611eb3fccf62
989,Omega Fish Stick 989,Lambda Fish Stick 989,41cd759b-5c6e-417a-9bc4-ee7f7c0d7e9d
990,Omega Fish Stick 990,Lambda Fish Stick 990,1e781bda-a61f-4cde-b414-577d49bcea10
991,Omega Fish Stick 991,Lambda Fish Stick 991,29e8f05f-64e9-4304-9a1f-97e46c95d61a
992,Omega Fish Stick 992,Lambda Fish Stick 992,f64787e3-6d16-4a0b-9fac-1c31d6538bb9
993,Omega Fish Stick 993,Lambda Fish Stick 993,e3ba83bf-0314-4f97-b0bb-23d86809c8a2
994,Omega Fish Stick 994,Lambda Fish Stick 994,88c662d8-e592-46a1-92c3-44e1a59f3d91
995,Omega Fish Stick 995,Lambda Fish Stick 995,b0e8645b-e567-4f92-b835-9afb5217b8af
996,Omega Fish Stick 996,Lambda Fish Stick 996,e00f630a-7965-4c8c-94a4-31d0a68181ba
997,Omega Fish Stick 997,Lambda Fish Stick 997,4c556e49-4e2d-46ab-a83a-eec6ee1960f8
998,Omega Fish Stick 998,Lambda Fish Stick 998,ba4ce5fc-029b-4467-99e9-baae315c7ba4
999,Omega Fish Stick 999,Lambda Fish Stick 999,067b1610-df3e-4850-a1d6-8bbbf14cfe58
1000,Omega Fish Stick 1000,Lambda Fish Stick 1000,8e19c736-2ba8-4c54-8514-5dba90421d7b
