<!DOCTYPE hibernate-configuration PUBLIC
        "-//Hibernate/Hibernate Configuration DTD 3.0//EN"
        "http://www.hibernate.org/dtd/hibernate-configuration-3.0.dtd">

<hibernate-configuration>
	<session-factory>
	
	    <property name="hbm2ddl.auto">update</property>
	    
		<property name="hibernate.dialect">org.hibernate.dialect.MySQL5Dialect</property>
		<!--  
		<property name="hibernate.dialect">org.hibernate.dialect.MySQLDialect</property>
		-->

		<property name="hibernate.connection.driver_class">com.mysql.jdbc.Driver</property>

		<property name="hibernate.connection.username">assignment3</property>

		<property name="hibernate.connection.password">password</property>

		<property name="hibernate.connection.url">jdbc:mysql://127.0.0.1:3306/assignment3</property>

		<property name="current_session_context_class">thread</property>
	</session-factory>
</hibernate-configuration>